Workbook

Sheet シート1
A1: Title | B1: Permalink | C1: Languages | D1: Artists | E1: collections&Series | F1: collections | G1: Series | H1: artist_name | I1: issued | J1: issued_ja | K1: total_supply | L1: real_supply | M1: card_num | N1: collections+emoji | P1: 16
A2: PEPEBAZAAR | B2: https://rarejapanesenfts.com/nft/pepebazaar/ | C2: English | D2: kappepe | E2: Badger Capsule>Series 1 | F2: =IFERROR(__xludf.DUMMYFUNCTION("SPLIT(E2,"">"")"),"Badger Capsule") -> Badger Capsule | G2: =IFERROR(__xludf.DUMMYFUNCTION("""COMPUTED_VALUE"""),"Series 1") -> Series 1 | H2: kappepe | I2: Nov 2021 | J2: 44501 | K2: 250 | L2: 250 | M2: 12 | N2: Badger Capsule | P2: =VLOOKUP(D2,'シート2'!A:B, 2, 0) -> @kartanbitcoin
A3: IDOJAWAN | B3: https://rarejapanesenfts.com/nft/idojawan/ | C3: English | D3: CHUNRI | E3: Badger Capsule>Series 1 | F3: =IFERROR(__xludf.DUMMYFUNCTION("SPLIT(E3,"">"")"),"Badger Capsule") -> Badger Capsule | G3: =IFERROR(__xludf.DUMMYFUNCTION("""COMPUTED_VALUE"""),"Series 1") -> Series 1 | H3: CHUNRI | I3: Nov 2021 | J3: 44501 | K3: 250 | L3: 250 | M3: 9 | N3: Badger Capsule | P3: =VLOOKUP(D3,'シート2'!A:B, 2, 0) -> @ChunriMD
A4: LOVENFT | B4: https://rarejapanesenfts.com/nft/lovenft/ | C4: English | D4: CHUNRI | E4: Badger Capsule>Series 1 | F4: =IFERROR(__xludf.DUMMYFUNCTION("SPLIT(E4,"">"")"),"Badger Capsule") -> Badger Capsule | G4: =IFERROR(__xludf.DUMMYFUNCTION("""COMPUTED_VALUE"""),"Series 1") -> Series 1 | H4: CHUNRI | I4: Nov 2021 | J4: 44501 | K4: 250 | L4: 250 | M4: 10 | N4: Badger Capsule | P4: =VLOOKUP(D4,'シート2'!A:B, 2, 0) -> @ChunriMD
A5: NOMOREDEFI | B5: https://rarejapanesenfts.com/nft/nomoredefi/ | C5: English | D5: BB | E5: Badger Capsule>Series 1 | F5: =IFERROR(__xludf.DUMMYFUNCTION("SPLIT(E5,"">"")"),"Badger Capsule") -> Badger Capsule | G5: =IFERROR(__xludf.DUMMYFUNCTION("""COMPUTED_VALUE"""),"Series 1") -> Series 1 | H5: BB | I5: Sep 2021 | J5: 44440 | K5: 250 | L5: 250 | M5: 2 | N5: Badger Capsule | P5: =VLOOKUP(D5,'シート2'!A:B, 2, 0) -> @MetaBB_eth
A6: HWFASHION | B6: https://rarejapanesenfts.com/nft/hwfashion/ | C6: English | D6: BB | E6: Badger Capsule>Series 1 | F6: =IFERROR(__xludf.DUMMYFUNCTION("SPLIT(E6,"">"")"),"Badger Capsule") -> Badger Capsule | G6: =IFERROR(__xludf.DUMMYFUNCTION("""COMPUTED_VALUE"""),"Series 1") -> Series 1 | H6: BB | I6: Nov 2021 | J6: 44501 | K6: 250 | L6: 250 | M6: 11 | N6: Badger Capsule | P6: =VLOOKUP(D6,'シート2'!A:B, 2, 0) -> @MetaBB_eth
A7: KAMATTE | B7: https://rarejapanesenfts.com/nft/kamatte/ | C7: English | D7: pom779 | E7: Badger Capsule>Series 1 | F7: =IFERROR(__xludf.DUMMYFUNCTION("SPLIT(E7,"">"")"),"Badger Capsule") -> Badger Capsule | G7: =IFERROR(__xludf.DUMMYFUNCTION("""COMPUTED_VALUE"""),"Series 1") -> Series 1 | H7: pom779 | I7: Oct 2021 | J7: 44470 | K7: 250 | L7: 250 | M7: 3 | N7: Badger Capsule | P7: =VLOOKUP(D7,'シート2'!A:B, 2, 0) -> @pom779
A8: FIRSTPEN | B8: https://rarejapanesenfts.com/nft/firstpen/ | C8: English | D8: くわ | E8: Badger Capsule>Badger Innovation Zone | F8: =IFERROR(__xludf.DUMMYFUNCTION("SPLIT(E8,"">"")"),"Badger Capsule") -> Badger Capsule | G8: =IFERROR(__xludf.DUMMYFUNCTION("""COMPUTED_VALUE"""),"Badger Innovation Zone") -> Badger Innovation Zone | H8: くわ | I8: Oct 2021 | J8: 44470 | K8: 500 | L8: 500 | M8: 7 | N8: Badger Capsule | P8: =VLOOKUP(D8,'シート2'!A:B, 2, 0) -> くわ
A9: HAGEPEPE | B9: https://rarejapanesenfts.com/nft/hagepepe/ | C9: English | D9: pom779 | E9: Badger Capsule>Badger Innovation Zone | F9: =IFERROR(__xludf.DUMMYFUNCTION("SPLIT(E9,"">"")"),"Badger Capsule") -> Badger Capsule | G9: =IFERROR(__xludf.DUMMYFUNCTION("""COMPUTED_VALUE"""),"Badger Innovation Zone") -> Badger Innovation Zone | H9: pom779 | I9: Oct 2021 | J9: 44470 | K9: 500 | L9: 500 | M9: 8 | N9: Badger Capsule | P9: =VLOOKUP(D9,'シート2'!A:B, 2, 0) -> @pom779
A10: KOEDAME | B10: https://rarejapanesenfts.com/nft/koedame/ | C10: English | D10: Anonymous | E10: Badger Capsule>Series 1 | F10: =IFERROR(__xludf.DUMMYFUNCTION("SPLIT(E10,"">"")"),"Badger Capsule") -> Badger Capsule | G10: =IFERROR(__xludf.DUMMYFUNCTION("""COMPUTED_VALUE"""),"Series 1") -> Series 1 | H10: Anonymous | I10: Oct 2021 | J10: 44470 | K10: 250 | L10: 250 | M10: 5 | N10: Badger Capsule | P10: =VLOOKUP(D10,'シート2'!A:B, 2, 0) -> Anonymous
A11: NOBUNSAN | B11: https://rarejapanesenfts.com/nft/nobunsan/ | C11: English | D11: nonsugar | E11: Badger Capsule>Series 1 | F11: =IFERROR(__xludf.DUMMYFUNCTION("SPLIT(E11,"">"")"),"Badger Capsule") -> Badger Capsule | G11: =IFERROR(__xludf.DUMMYFUNCTION("""COMPUTED_VALUE"""),"Series 1") -> Series 1 | H11: nonsugar | I11: Oct 2021 | J11: 44470 | K11: 250 | L11: 250 | M11: 6 | N11: Badger Capsule | P11: =VLOOKUP(D11,'シート2'!A:B, 2, 0) -> nonsugar
A12: OSHIKOMARE | B12: https://rarejapanesenfts.com/nft/oshikomare/ | C12: English | D12: ブロック男 | E12: Badger Capsule>Series 1 | F12: =IFERROR(__xludf.DUMMYFUNCTION("SPLIT(E12,"">"")"),"Badger Capsule") -> Badger Capsule | G12: =IFERROR(__xludf.DUMMYFUNCTION("""COMPUTED_VALUE"""),"Series 1") -> Series 1 | H12: ブロック男 | I12: Oct 2021 | J12: 44470 | K12: 250 | L12: 250 | M12: 4 | N12: Badger Capsule | P12: =VLOOKUP(D12,'シート2'!A:B, 2, 0) -> ブロック男
A13: NOTSOON | B13: https://rarejapanesenfts.com/nft/notsoon/ | C13: English | D13: TKY | E13: Badger Capsule>Series 1 | F13: =IFERROR(__xludf.DUMMYFUNCTION("SPLIT(E13,"">"")"),"Badger Capsule") -> Badger Capsule | G13: =IFERROR(__xludf.DUMMYFUNCTION("""COMPUTED_VALUE"""),"Series 1") -> Series 1 | H13: TKY | I13: Nov 2021 | J13: 44501 | K13: 250 | L13: 250 | M13: 13 | N13: Badger Capsule | P13: =VLOOKUP(D13,'シート2'!A:B, 2, 0) -> @Taky_Taky_
A14: SHIBACOINER | B14: https://rarejapanesenfts.com/nft/shibacoiner/ | C14: English | D14: pom779 | E14: Badger Capsule>Badger Innovation Zone | F14: =IFERROR(__xludf.DUMMYFUNCTION("SPLIT(E14,"">"")"),"Badger Capsule") -> Badger Capsule | G14: =IFERROR(__xludf.DUMMYFUNCTION("""COMPUTED_VALUE"""),"Badger Innovation Zone") -> Badger Innovation Zone | H14: pom779 | I14: Dec 2021 | J14: 44531 | K14: 500 | L14: 500 | M14: 14 | N14: Badger Capsule | P14: =VLOOKUP(D14,'シート2'!A:B, 2, 0) -> @pom779
A15: GOXGIRL | B15: https://rarejapanesenfts.com/nft/goxgirl/ | C15: English | D15: kappepe | E15: Badger Capsule>Series 1 | F15: =IFERROR(__xludf.DUMMYFUNCTION("SPLIT(E15,"">"")"),"Badger Capsule") -> Badger Capsule | G15: =IFERROR(__xludf.DUMMYFUNCTION("""COMPUTED_VALUE"""),"Series 1") -> Series 1 | H15: kappepe | I15: Dec 2021 | J15: 44531 | K15: 250 | L15: 250 | M15: 15 | N15: Badger Capsule | P15: =VLOOKUP(D15,'シート2'!A:B, 2, 0) -> @kartanbitcoin
A16: SHITTO | B16: https://rarejapanesenfts.com/nft/shitto/ | C16: English | D16: NFTuber | E16: Badger Capsule>Badger Innovation Zone | F16: =IFERROR(__xludf.DUMMYFUNCTION("SPLIT(E16,"">"")"),"Badger Capsule") -> Badger Capsule | G16: =IFERROR(__xludf.DUMMYFUNCTION("""COMPUTED_VALUE"""),"Badger Innovation Zone") -> Badger Innovation Zone | H16: NFTuber | I16: Dec 2021 | J16: 44531 | K16: 500 | L16: 500 | M16: 17 | N16: Badger Capsule | P16: =VLOOKUP(D16,'シート2'!A:B, 2, 0) -> @NFTuber
A17: DOGEMUSK | B17: https://rarejapanesenfts.com/nft/dogemusk/ | C17: English | D17: kappepe | E17: Badger Capsule>Badger Innovation Zone | F17: =IFERROR(__xludf.DUMMYFUNCTION("SPLIT(E17,"">"")"),"Badger Capsule") -> Badger Capsule | G17: =IFERROR(__xludf.DUMMYFUNCTION("""COMPUTED_VALUE"""),"Badger Innovation Zone") -> Badger Innovation Zone | H17: kappepe | I17: Dec 2021 | J17: 44531 | K17: 250 | L17: 250 | M17: 16 | N17: Badger Capsule | P17: =VLOOKUP(D17,'シート2'!A:B, 2, 0) -> @kartanbitcoin
A18: WACKNAKAMOTO | B18: https://rarejapanesenfts.com/nft/wacknakamoto/ | C18: English | D18: ごっつ | E18: Memorychain>Series 1 | F18: =IFERROR(__xludf.DUMMYFUNCTION("SPLIT(E18,"">"")"),"Memorychain") -> Memorychain | G18: =IFERROR(__xludf.DUMMYFUNCTION("""COMPUTED_VALUE"""),"Series 1") -> Series 1 | H18: ごっつ | I18: Apr 2017 | J18: 42826 | K18: 10000 | L18: 10000 | M18: 1 | N18: =F18&"🇯🇵" -> Memorychain🇯🇵 | P18: =VLOOKUP(D18,'シート2'!A:B, 2, 0) -> @nemkd12
A19: THEGODTANU | B19: https://rarejapanesenfts.com/nft/thegodtanu/ | C19: English | D19: davinci9 | E19: Memorychain>Series 1 | F19: =IFERROR(__xludf.DUMMYFUNCTION("SPLIT(E19,"">"")"),"Memorychain") -> Memorychain | G19: =IFERROR(__xludf.DUMMYFUNCTION("""COMPUTED_VALUE"""),"Series 1") -> Series 1 | H19: davinci9 | I19: Apr 2017 | J19: 42826 | K19: 100 | L19: 100 | M19: 2 | N19: =F19&"🇯🇵" -> Memorychain🇯🇵 | P19: =VLOOKUP(D19,'シート2'!A:B, 2, 0) -> @DavinciNine
A20: GOXANDTHEDAO | B20: https://rarejapanesenfts.com/nft/goxandthedao/ | C20: English | D20: davinci9 | E20: Memorychain>Series 1 | F20: =IFERROR(__xludf.DUMMYFUNCTION("SPLIT(E20,"">"")"),"Memorychain") -> Memorychain | G20: =IFERROR(__xludf.DUMMYFUNCTION("""COMPUTED_VALUE"""),"Series 1") -> Series 1 | H20: davinci9 | I20: Apr 2017 | J20: 42826 | K20: 100 | L20: 100 | M20: 3 | N20: =F20&"🇯🇵" -> Memorychain🇯🇵 | P20: =VLOOKUP(D20,'シート2'!A:B, 2, 0) -> @DavinciNine
A21: KOJITHECUPID | B21: https://rarejapanesenfts.com/nft/kojithecupid/ | C21: English | D21: AmazingJapepeneseMan | E21: Memorychain>Series 1 | F21: =IFERROR(__xludf.DUMMYFUNCTION("SPLIT(E21,"">"")"),"Memorychain") -> Memorychain | G21: =IFERROR(__xludf.DUMMYFUNCTION("""COMPUTED_VALUE"""),"Series 1") -> Series 1 | H21: AmazingJapepeneseMan | I21: Apr 2017 | J21: 42826 | K21: 777 | L21: 777 | M21: 4 | N21: =F21&"🇯🇵" -> Memorychain🇯🇵 | P21: =VLOOKUP(D21,'シート2'!A:B, 2, 0) -> @JapepeneseMan
A22: XEMURAI | B22: https://rarejapanesenfts.com/nft/xemurai/ | C22: English | D22: トレスト | E22: Memorychain>Series 1 | F22: =IFERROR(__xludf.DUMMYFUNCTION("SPLIT(E22,"">"")"),"Memorychain") -> Memorychain | G22: =IFERROR(__xludf.DUMMYFUNCTION("""COMPUTED_VALUE"""),"Series 1") -> Series 1 | H22: トレスト | I22: Apr 2017 | J22: 42826 | K22: 300 | L22: 300 | M22: 5 | N22: =F22&"🇯🇵" -> Memorychain🇯🇵 | P22: =VLOOKUP(D22,'シート2'!A:B, 2, 0) -> @TrendStream
A23: THEDAODEAD | B23: https://rarejapanesenfts.com/nft/thedaodead/ | C23: English | D23: トレスト | E23: Memorychain>Series 1 | F23: =IFERROR(__xludf.DUMMYFUNCTION("SPLIT(E23,"">"")"),"Memorychain") -> Memorychain | G23: =IFERROR(__xludf.DUMMYFUNCTION("""COMPUTED_VALUE"""),"Series 1") -> Series 1 | H23: トレスト | I23: Apr 2017 | J23: 42826 | K23: 100 | L23: 100 | M23: 6 | N23: =F23&"🇯🇵" -> Memorychain🇯🇵 | P23: =VLOOKUP(D23,'シート2'!A:B, 2, 0) -> @TrendStream
A24: BITCOINGIRL | B24: https://rarejapanesenfts.com/nft/bitcoingirl/ | C24: English | D24: 水瀬 亞里亞 | E24: Memorychain>Series 1 | F24: =IFERROR(__xludf.DUMMYFUNCTION("SPLIT(E24,"">"")"),"Memorychain") -> Memorychain | G24: =IFERROR(__xludf.DUMMYFUNCTION("""COMPUTED_VALUE"""),"Series 1") -> Series 1 | H24: 水瀬 亞里亞 | I24: Apr 2017 | J24: 42826 | K24: 1000 | L24: 1000 | M24: 7 | N24: =F24&"🇯🇵" -> Memorychain🇯🇵 | P24: =VLOOKUP(D24,'シート2'!A:B, 2, 0) -> @aria_minase
A25: MONACOINGIRL | B25: https://rarejapanesenfts.com/nft/monacoingirl/ | C25: English | D25: 水瀬 亞里亞 | E25: Memorychain>Series 1 | F25: =IFERROR(__xludf.DUMMYFUNCTION("SPLIT(E25,"">"")"),"Memorychain") -> Memorychain | G25: =IFERROR(__xludf.DUMMYFUNCTION("""COMPUTED_VALUE"""),"Series 1") -> Series 1 | H25: 水瀬 亞里亞 | I25: Apr 2017 | J25: 42826 | K25: 1000 | L25: 1000 | M25: 8 | N25: =F25&"🇯🇵" -> Memorychain🇯🇵 | P25: =VLOOKUP(D25,'シート2'!A:B, 2, 0) -> @aria_minase
A26: MINERB | B26: https://rarejapanesenfts.com/nft/minerb/ | C26: English | D26: エヌ | E26: Memorychain>Series 1 | F26: =IFERROR(__xludf.DUMMYFUNCTION("SPLIT(E26,"">"")"),"Memorychain") -> Memorychain | G26: =IFERROR(__xludf.DUMMYFUNCTION("""COMPUTED_VALUE"""),"Series 1") -> Series 1 | H26: エヌ | I26: Apr 2017 | J26: 42826 | K26: 1000 | L26: 1000 | M26: 9 | N26: =F26&"🇯🇵" -> Memorychain🇯🇵 | P26: =VLOOKUP(D26,'シート2'!A:B, 2, 0) -> @sai33211
A27: MIKEHEARNALT | B27: https://rarejapanesenfts.com/nft/mikehearnalt/ | C27: English | D27: Myon9 | E27: Memorychain>Series 1 | F27: =IFERROR(__xludf.DUMMYFUNCTION("SPLIT(E27,"">"")"),"Memorychain") -> Memorychain | G27: =IFERROR(__xludf.DUMMYFUNCTION("""COMPUTED_VALUE"""),"Series 1") -> Series 1 | H27: Myon9 | I27: Apr 2017 | J27: 42826 | K27: 317 | L27: 317 | M27: 10 | N27: =F27&"🇯🇵" -> Memorychain🇯🇵 | P27: =VLOOKUP(D27,'シート2'!A:B, 2, 0) -> @Myon9
A28: ORIGINOFMC | B28: https://rarejapanesenfts.com/nft/originofmc/ | C28: English | D28: SWINGO | E28: Memorychain>Series 1 | F28: =IFERROR(__xludf.DUMMYFUNCTION("SPLIT(E28,"">"")"),"Memorychain") -> Memorychain | G28: =IFERROR(__xludf.DUMMYFUNCTION("""COMPUTED_VALUE"""),"Series 1") -> Series 1 | H28: SWINGO | I28: Apr 2017 | J28: 42826 | K28: 100 | L28: 99 | M28: 11 | N28: =F28&"🇯🇵" -> Memorychain🇯🇵 | P28: =VLOOKUP(D28,'シート2'!A:B, 2, 0) -> @SmartSpaceDogs
A29: TOTHEMOONCD | B29: https://rarejapanesenfts.com/nft/tothemooncd/ | C29: English | D29: CHUNRI | E29: Memorychain>Series 1 | F29: =IFERROR(__xludf.DUMMYFUNCTION("SPLIT(E29,"">"")"),"Memorychain") -> Memorychain | G29: =IFERROR(__xludf.DUMMYFUNCTION("""COMPUTED_VALUE"""),"Series 1") -> Series 1 | H29: CHUNRI | I29: Apr 2017 | J29: 42826 | K29: 500 | L29: 500 | M29: 12 | N29: =F29&"🇯🇵" -> Memorychain🇯🇵 | P29: =VLOOKUP(D29,'シート2'!A:B, 2, 0) -> @ChunriMD
A30: BIGONESTEP | B30: https://rarejapanesenfts.com/nft/bigonestep/ | C30: English | D30: エヌ | E30: Memorychain>Series 1 | F30: =IFERROR(__xludf.DUMMYFUNCTION("SPLIT(E30,"">"")"),"Memorychain") -> Memorychain | G30: =IFERROR(__xludf.DUMMYFUNCTION("""COMPUTED_VALUE"""),"Series 1") -> Series 1 | H30: エヌ | I30: Apr 2017 | J30: 42826 | K30: 300 | L30: 299 | M30: 13 | N30: =F30&"🇯🇵" -> Memorychain🇯🇵 | P30: =VLOOKUP(D30,'シート2'!A:B, 2, 0) -> @sai33211
A31: XEMANDJAPAN | B31: https://rarejapanesenfts.com/nft/xemandjapan/ | C31: English | D31: 安心院まおら | E31: Memorychain>Series 1 | F31: =IFERROR(__xludf.DUMMYFUNCTION("SPLIT(E31,"">"")"),"Memorychain") -> Memorychain | G31: =IFERROR(__xludf.DUMMYFUNCTION("""COMPUTED_VALUE"""),"Series 1") -> Series 1 | H31: 安心院まおら | I31: Apr 2017 | J31: 42826 | K31: 100 | L31: 100 | M31: 14 | N31: =F31&"🇯🇵" -> Memorychain🇯🇵 | P31: =VLOOKUP(D31,'シート2'!A:B, 2, 0) -> 安心院まおら
A32: MONASEGWIT | B32: https://rarejapanesenfts.com/nft/monasegwit/ | C32: English | D32: らくがきac | E32: Memorychain>Series 1 | F32: =IFERROR(__xludf.DUMMYFUNCTION("SPLIT(E32,"">"")"),"Memorychain") -> Memorychain | G32: =IFERROR(__xludf.DUMMYFUNCTION("""COMPUTED_VALUE"""),"Series 1") -> Series 1 | H32: らくがきac | I32: Apr 2017 | J32: 42826 | K32: 100 | L32: 100 | M32: 15 | N32: =F32&"🇯🇵" -> Memorychain🇯🇵 | P32: =VLOOKUP(D32,'シート2'!A:B, 2, 0) -> @rkgk_ac
A33: THEFINTECH | B33: https://rarejapanesenfts.com/nft/thefintech/ | C33: English | D33: davinci9 | E33: Memorychain>Series 2 | F33: =IFERROR(__xludf.DUMMYFUNCTION("SPLIT(E33,"">"")"),"Memorychain") -> Memorychain | G33: =IFERROR(__xludf.DUMMYFUNCTION("""COMPUTED_VALUE"""),"Series 2") -> Series 2 | H33: davinci9 | I33: Apr 2017 | J33: 42826 | K33: 100 | L33: 100 | M33: 16 | N33: =F33&"🇯🇵" -> Memorychain🇯🇵 | P33: =VLOOKUP(D33,'シート2'!A:B, 2, 0) -> @DavinciNine
A34: QUANTUMPC | B34: https://rarejapanesenfts.com/nft/quantumpc/ | C34: English | D34: davinci9 | E34: Memorychain>Series 2 | F34: =IFERROR(__xludf.DUMMYFUNCTION("SPLIT(E34,"">"")"),"Memorychain") -> Memorychain | G34: =IFERROR(__xludf.DUMMYFUNCTION("""COMPUTED_VALUE"""),"Series 2") -> Series 2 | H34: davinci9 | I34: Apr 2017 | J34: 42826 | K34: 100 | L34: 100 | M34: 17 | N34: =F34&"🇯🇵" -> Memorychain🇯🇵 | P34: =VLOOKUP(D34,'シート2'!A:B, 2, 0) -> @DavinciNine
A35: MONEROGIRL | B35: https://rarejapanesenfts.com/nft/monerogirl/ | C35: English | D35: 水瀬 亞里亞 | E35: Memorychain>Series 2 | F35: =IFERROR(__xludf.DUMMYFUNCTION("SPLIT(E35,"">"")"),"Memorychain") -> Memorychain | G35: =IFERROR(__xludf.DUMMYFUNCTION("""COMPUTED_VALUE"""),"Series 2") -> Series 2 | H35: 水瀬 亞里亞 | I35: Apr 2017 | J35: 42826 | K35: 1000 | L35: 1000 | M35: 18 | N35: =F35&"🇯🇵" -> Memorychain🇯🇵 | P35: =VLOOKUP(D35,'シート2'!A:B, 2, 0) -> @aria_minase
A36: ETHEREUMGIRL | B36: https://rarejapanesenfts.com/nft/ethereumgirl/ | C36: English | D36: 水瀬 亞里亞 | E36: Memorychain>Series 2 | F36: =IFERROR(__xludf.DUMMYFUNCTION("SPLIT(E36,"">"")"),"Memorychain") -> Memorychain | G36: =IFERROR(__xludf.DUMMYFUNCTION("""COMPUTED_VALUE"""),"Series 2") -> Series 2 | H36: 水瀬 亞里亞 | I36: Apr 2017 | J36: 42826 | K36: 1000 | L36: 1000 | M36: 19 | N36: =F36&"🇯🇵" -> Memorychain🇯🇵 | P36: =VLOOKUP(D36,'シート2'!A:B, 2, 0) -> @aria_minase
A37: RIPPLEGIRL | B37: https://rarejapanesenfts.com/nft/ripplegirl/ | C37: English | D37: 水瀬 亞里亞 | E37: Memorychain>Series 2 | F37: =IFERROR(__xludf.DUMMYFUNCTION("SPLIT(E37,"">"")"),"Memorychain") -> Memorychain | G37: =IFERROR(__xludf.DUMMYFUNCTION("""COMPUTED_VALUE"""),"Series 2") -> Series 2 | H37: 水瀬 亞里亞 | I37: Apr 2017 | J37: 42826 | K37: 1000 | L37: 1000 | M37: 20 | N37: =F37&"🇯🇵" -> Memorychain🇯🇵 | P37: =VLOOKUP(D37,'シート2'!A:B, 2, 0) -> @aria_minase
A38: XASICBOOST | B38: https://rarejapanesenfts.com/nft/xasicboost/ | C38: English | D38: SWINGO | E38: Memorychain>Series 2 | F38: =IFERROR(__xludf.DUMMYFUNCTION("SPLIT(E38,"">"")"),"Memorychain") -> Memorychain | G38: =IFERROR(__xludf.DUMMYFUNCTION("""COMPUTED_VALUE"""),"Series 2") -> Series 2 | H38: SWINGO | I38: Apr 2017 | J38: 42826 | K38: 100 | L38: 100 | M38: 21 | N38: =F38&"🇯🇵" -> Memorychain🇯🇵 | P38: =VLOOKUP(D38,'シート2'!A:B, 2, 0) -> @SmartSpaceDogs
A39: REJECTEDVIX | B39: https://rarejapanesenfts.com/nft/rejectedvix/ | C39: English | D39: Myon9 | E39: Memorychain>Series 2 | F39: =IFERROR(__xludf.DUMMYFUNCTION("SPLIT(E39,"">"")"),"Memorychain") -> Memorychain | G39: =IFERROR(__xludf.DUMMYFUNCTION("""COMPUTED_VALUE"""),"Series 2") -> Series 2 | H39: Myon9 | I39: Apr 2017 | J39: 42826 | K39: 700 | L39: 700 | M39: 22 | N39: =F39&"🇯🇵" -> Memorychain🇯🇵 | P39: =VLOOKUP(D39,'シート2'!A:B, 2, 0) -> @Myon9
A40: RAMENSOG | B40: https://rarejapanesenfts.com/nft/ramensog/ | C40: English | D40: Kassy | E40: Memorychain>Series 2 | F40: =IFERROR(__xludf.DUMMYFUNCTION("SPLIT(E40,"">"")"),"Memorychain") -> Memorychain | G40: =IFERROR(__xludf.DUMMYFUNCTION("""COMPUTED_VALUE"""),"Series 2") -> Series 2 | H40: Kassy | I40: Apr 2017 | J40: 42826 | K40: 150 | L40: 149 | M40: 23 | N40: =F40&"🇯🇵" -> Memorychain🇯🇵 | P40: =VLOOKUP(D40,'シート2'!A:B, 2, 0) -> @kassy_nara
A41: ECOBITMAN | B41: https://rarejapanesenfts.com/nft/ecobitman/ | C41: English | D41: トレスト | E41: Memorychain>Series 2 | F41: =IFERROR(__xludf.DUMMYFUNCTION("SPLIT(E41,"">"")"),"Memorychain") -> Memorychain | G41: =IFERROR(__xludf.DUMMYFUNCTION("""COMPUTED_VALUE"""),"Series 2") -> Series 2 | H41: トレスト | I41: Apr 2017 | J41: 42826 | K41: 100 | L41: 100 | M41: 24 | N41: =F41&"🇯🇵" -> Memorychain🇯🇵 | P41: =VLOOKUP(D41,'シート2'!A:B, 2, 0) -> @TrendStream
A42: ETCCHAN | B42: https://rarejapanesenfts.com/nft/etcchan/ | C42: English | D42: ミツコア | E42: Memorychain>Series 2 | F42: =IFERROR(__xludf.DUMMYFUNCTION("SPLIT(E42,"">"")"),"Memorychain") -> Memorychain | G42: =IFERROR(__xludf.DUMMYFUNCTION("""COMPUTED_VALUE"""),"Series 2") -> Series 2 | H42: ミツコア | I42: Apr 2017 | J42: 42826 | K42: 500 | L42: 499 | M42: 25 | N42: =F42&"🇯🇵" -> Memorychain🇯🇵 | P42: =VLOOKUP(D42,'シート2'!A:B, 2, 0) -> @mizcored
A43: ZECFOTHEMOON | B43: https://rarejapanesenfts.com/nft/zecfothemoon/ | C43: English | D43: CHUNRI | E43: Memorychain>Series 3 | F43: =IFERROR(__xludf.DUMMYFUNCTION("SPLIT(E43,"">"")"),"Memorychain") -> Memorychain | G43: =IFERROR(__xludf.DUMMYFUNCTION("""COMPUTED_VALUE"""),"Series 3") -> Series 3 | H43: CHUNRI | I43: May 2017 | J43: 42856 | K43: 500 | L43: 500 | M43: 26 | N43: =F43&"🇯🇵" -> Memorychain🇯🇵 | P43: =VLOOKUP(D43,'シート2'!A:B, 2, 0) -> @ChunriMD
A44: UNDERCONTROL | B44: https://rarejapanesenfts.com/nft/undercontrol/ | C44: English | D44: たろふあ | E44: Memorychain>Series 3 | F44: =IFERROR(__xludf.DUMMYFUNCTION("SPLIT(E44,"">"")"),"Memorychain") -> Memorychain | G44: =IFERROR(__xludf.DUMMYFUNCTION("""COMPUTED_VALUE"""),"Series 3") -> Series 3 | H44: たろふあ | I44: May 2017 | J44: 42856 | K44: 108 | L44: 108 | M44: 27 | N44: =F44&"🇯🇵" -> Memorychain🇯🇵 | P44: =VLOOKUP(D44,'シート2'!A:B, 2, 0) -> たろふあ
A45: UASFARMY | B45: https://rarejapanesenfts.com/nft/uasfarmy/ | C45: English | D45: AmazingJapepeneseMan | E45: Memorychain>Series 3 | F45: =IFERROR(__xludf.DUMMYFUNCTION("SPLIT(E45,"">"")"),"Memorychain") -> Memorychain | G45: =IFERROR(__xludf.DUMMYFUNCTION("""COMPUTED_VALUE"""),"Series 3") -> Series 3 | H45: AmazingJapepeneseMan | I45: May 2017 | J45: 42856 | K45: 500 | L45: 500 | M45: 28 | N45: =F45&"🇯🇵" -> Memorychain🇯🇵 | P45: =VLOOKUP(D45,'シート2'!A:B, 2, 0) -> @JapepeneseMan
A46: DOGETHEREUM | B46: https://rarejapanesenfts.com/nft/dogethereum/ | C46: English | D46: AmazingJapepeneseMan | E46: Memorychain>Series 3 | F46: =IFERROR(__xludf.DUMMYFUNCTION("SPLIT(E46,"">"")"),"Memorychain") -> Memorychain | G46: =IFERROR(__xludf.DUMMYFUNCTION("""COMPUTED_VALUE"""),"Series 3") -> Series 3 | H46: AmazingJapepeneseMan | I46: May 2017 | J46: 42856 | K46: 500 | L46: 500 | M46: 29 | N46: =F46&"🇯🇵" -> Memorychain🇯🇵 | P46: =VLOOKUP(D46,'シート2'!A:B, 2, 0) -> @JapepeneseMan
A47: THETIMES | B47: https://rarejapanesenfts.com/nft/thetimes/ | C47: English | D47: エヌ | E47: Memorychain>Series 3 | F47: =IFERROR(__xludf.DUMMYFUNCTION("SPLIT(E47,"">"")"),"Memorychain") -> Memorychain | G47: =IFERROR(__xludf.DUMMYFUNCTION("""COMPUTED_VALUE"""),"Series 3") -> Series 3 | H47: エヌ | I47: May 2017 | J47: 42856 | K47: 100 | L47: 100 | M47: 30 | N47: =F47&"🇯🇵" -> Memorychain🇯🇵 | P47: =VLOOKUP(D47,'シート2'!A:B, 2, 0) -> @sai33211
A48: TAKARAJPI | B48: https://rarejapanesenfts.com/nft/takarajpi/ | C48: English | D48: Kassy | E48: Memorychain>Series 3 | F48: =IFERROR(__xludf.DUMMYFUNCTION("SPLIT(E48,"">"")"),"Memorychain") -> Memorychain | G48: =IFERROR(__xludf.DUMMYFUNCTION("""COMPUTED_VALUE"""),"Series 3") -> Series 3 | H48: Kassy | I48: May 2017 | J48: 42856 | K48: 108 | L48: 108 | M48: 31 | N48: =F48&"🇯🇵" -> Memorychain🇯🇵 | P48: =VLOOKUP(D48,'シート2'!A:B, 2, 0) -> @kassy_nara
A49: SATOSHICLUB | B49: https://rarejapanesenfts.com/nft/satoshiclub/ | C49: English | D49: VeryLongUnagi | E49: Memorychain>Series 3 | F49: =IFERROR(__xludf.DUMMYFUNCTION("SPLIT(E49,"">"")"),"Memorychain") -> Memorychain | G49: =IFERROR(__xludf.DUMMYFUNCTION("""COMPUTED_VALUE"""),"Series 3") -> Series 3 | H49: VeryLongUnagi | I49: May 2017 | J49: 42856 | K49: 1000 | L49: 1000 | M49: 32 | N49: =F49&"🇯🇵" -> Memorychain🇯🇵 | P49: =VLOOKUP(D49,'シート2'!A:B, 2, 0) -> VeryLongUnagi
A50: NEMGIRL | B50: https://rarejapanesenfts.com/nft/nemgirl/ | C50: English | D50: 水瀬 亞里亞 | E50: Memorychain>Series 3 | F50: =IFERROR(__xludf.DUMMYFUNCTION("SPLIT(E50,"">"")"),"Memorychain") -> Memorychain | G50: =IFERROR(__xludf.DUMMYFUNCTION("""COMPUTED_VALUE"""),"Series 3") -> Series 3 | H50: 水瀬 亞里亞 | I50: May 2017 | J50: 42856 | K50: 1000 | L50: 1000 | M50: 33 | N50: =F50&"🇯🇵" -> Memorychain🇯🇵 | P50: =VLOOKUP(D50,'シート2'!A:B, 2, 0) -> @aria_minase
A51: CRYPTOGIRLS | B51: https://rarejapanesenfts.com/nft/cryptogirls/ | C51: English | D51: 水瀬 亞里亞 | E51: Memorychain>Series 3 | F51: =IFERROR(__xludf.DUMMYFUNCTION("SPLIT(E51,"">"")"),"Memorychain") -> Memorychain | G51: =IFERROR(__xludf.DUMMYFUNCTION("""COMPUTED_VALUE"""),"Series 3") -> Series 3 | H51: 水瀬 亞里亞 | I51: May 2017 | J51: 42856 | K51: 1000 | L51: 1000 | M51: 34 | N51: =F51&"🇯🇵" -> Memorychain🇯🇵 | P51: =VLOOKUP(D51,'シート2'!A:B, 2, 0) -> @aria_minase
A52: ETHHOMESTEAD | B52: https://rarejapanesenfts.com/nft/ethhomestead/ | C52: English | D52: トレスト | E52: Memorychain>Series 3 | F52: =IFERROR(__xludf.DUMMYFUNCTION("SPLIT(E52,"">"")"),"Memorychain") -> Memorychain | G52: =IFERROR(__xludf.DUMMYFUNCTION("""COMPUTED_VALUE"""),"Series 3") -> Series 3 | H52: トレスト | I52: May 2017 | J52: 42856 | K52: 100 | L52: 100 | M52: 35 | N52: =F52&"🇯🇵" -> Memorychain🇯🇵 | P52: =VLOOKUP(D52,'シート2'!A:B, 2, 0) -> @TrendStream
A53: ETHFRONTIER | B53: https://rarejapanesenfts.com/nft/ethfrontier/ | C53: English | D53: トレスト | E53: Memorychain>Series 3 | F53: =IFERROR(__xludf.DUMMYFUNCTION("SPLIT(E53,"">"")"),"Memorychain") -> Memorychain | G53: =IFERROR(__xludf.DUMMYFUNCTION("""COMPUTED_VALUE"""),"Series 3") -> Series 3 | H53: トレスト | I53: May 2017 | J53: 42856 | K53: 100 | L53: 100 | M53: 36 | N53: =F53&"🇯🇵" -> Memorychain🇯🇵 | P53: =VLOOKUP(D53,'シート2'!A:B, 2, 0) -> @TrendStream
A54: ECOBITWOMAN | B54: https://rarejapanesenfts.com/nft/ecobitwoman/ | C54: English | D54: トレスト | E54: Memorychain>Series 3 | F54: =IFERROR(__xludf.DUMMYFUNCTION("SPLIT(E54,"">"")"),"Memorychain") -> Memorychain | G54: =IFERROR(__xludf.DUMMYFUNCTION("""COMPUTED_VALUE"""),"Series 3") -> Series 3 | H54: トレスト | I54: May 2017 | J54: 42856 | K54: 100 | L54: 100 | M54: 37 | N54: =F54&"🇯🇵" -> Memorychain🇯🇵 | P54: =VLOOKUP(D54,'シート2'!A:B, 2, 0) -> @TrendStream
A55: BCCARD | B55: https://rarejapanesenfts.com/nft/bccard/ | C55: English | D55: 笑猫 | E55: Memorychain>Series 3 | F55: =IFERROR(__xludf.DUMMYFUNCTION("SPLIT(E55,"">"")"),"Memorychain") -> Memorychain | G55: =IFERROR(__xludf.DUMMYFUNCTION("""COMPUTED_VALUE"""),"Series 3") -> Series 3 | H55: 笑猫 | I55: May 2017 | J55: 42856 | K55: 200 | L55: 199 | M55: 38 | N55: =F55&"🇯🇵" -> Memorychain🇯🇵 | P55: =VLOOKUP(D55,'シート2'!A:B, 2, 0) -> @1aughingcat
A56: BMANTBLEED | B56: https://rarejapanesenfts.com/nft/bmantbleed/ | C56: English | D56: 裏技君 | E56: Memorychain>Series 4 | F56: =IFERROR(__xludf.DUMMYFUNCTION("SPLIT(E56,"">"")"),"Memorychain") -> Memorychain | G56: =IFERROR(__xludf.DUMMYFUNCTION("""COMPUTED_VALUE"""),"Series 4") -> Series 4 | H56: 裏技君 | I56: May 2017 | J56: 42856 | K56: 1000 | L56: 1000 | M56: 39 | N56: =F56&"🇯🇵" -> Memorychain🇯🇵 | P56: =VLOOKUP(D56,'シート2'!A:B, 2, 0) -> @urawazakun
A57: BOTCOINER | B57: https://rarejapanesenfts.com/nft/botcoiner/ | C57: English | D57: VeryLongUnagi | E57: Memorychain>Series 4 | F57: =IFERROR(__xludf.DUMMYFUNCTION("SPLIT(E57,"">"")"),"Memorychain") -> Memorychain | G57: =IFERROR(__xludf.DUMMYFUNCTION("""COMPUTED_VALUE"""),"Series 4") -> Series 4 | H57: VeryLongUnagi | I57: May 2017 | J57: 42856 | K57: 1000 | L57: 1000 | M57: 40 | N57: =F57&"🇯🇵" -> Memorychain🇯🇵 | P57: =VLOOKUP(D57,'シート2'!A:B, 2, 0) -> VeryLongUnagi
A58: BTCTATTOO | B58: https://rarejapanesenfts.com/nft/btctattoo/ | C58: English | D58: 響 | E58: Memorychain>Series 4 | F58: =IFERROR(__xludf.DUMMYFUNCTION("SPLIT(E58,"">"")"),"Memorychain") -> Memorychain | G58: =IFERROR(__xludf.DUMMYFUNCTION("""COMPUTED_VALUE"""),"Series 4") -> Series 4 | H58: 響 | I58: May 2017 | J58: 42856 | K58: 300 | L58: 150 | M58: 41 | N58: =F58&"🇯🇵" -> Memorychain🇯🇵 | P58: =VLOOKUP(D58,'シート2'!A:B, 2, 0) -> @Whiskey_bonbon_
A59: DOGECHAN | B59: https://rarejapanesenfts.com/nft/dogechan/ | C59: English | D59: ミツコア | E59: Memorychain>Series 4 | F59: =IFERROR(__xludf.DUMMYFUNCTION("SPLIT(E59,"">"")"),"Memorychain") -> Memorychain | G59: =IFERROR(__xludf.DUMMYFUNCTION("""COMPUTED_VALUE"""),"Series 4") -> Series 4 | H59: ミツコア | I59: May 2017 | J59: 42856 | K59: 500 | L59: 500 | M59: 42 | N59: =F59&"🇯🇵" -> Memorychain🇯🇵 | P59: =VLOOKUP(D59,'シート2'!A:B, 2, 0) -> @mizcored
A60: ECASHPAPER | B60: https://rarejapanesenfts.com/nft/ecashpaper/ | C60: English | D60: トレスト | E60: Memorychain>Series 4 | F60: =IFERROR(__xludf.DUMMYFUNCTION("SPLIT(E60,"">"")"),"Memorychain") -> Memorychain | G60: =IFERROR(__xludf.DUMMYFUNCTION("""COMPUTED_VALUE"""),"Series 4") -> Series 4 | H60: トレスト | I60: May 2017 | J60: 42856 | K60: 100 | L60: 100 | M60: 43 | N60: =F60&"🇯🇵" -> Memorychain🇯🇵 | P60: =VLOOKUP(D60,'シート2'!A:B, 2, 0) -> @TrendStream
A61: POWMONSTER | B61: https://rarejapanesenfts.com/nft/powmonster/ | C61: English | D61: トレスト | E61: Memorychain>Series 4 | F61: =IFERROR(__xludf.DUMMYFUNCTION("SPLIT(E61,"">"")"),"Memorychain") -> Memorychain | G61: =IFERROR(__xludf.DUMMYFUNCTION("""COMPUTED_VALUE"""),"Series 4") -> Series 4 | H61: トレスト | I61: May 2017 | J61: 42856 | K61: 100 | L61: 100 | M61: 44 | N61: =F61&"🇯🇵" -> Memorychain🇯🇵 | P61: =VLOOKUP(D61,'シート2'!A:B, 2, 0) -> @TrendStream
A62: SCAMHAZARD | B62: https://rarejapanesenfts.com/nft/scamhazard/ | C62: English | D62: トレスト | E62: Memorychain>Series 4 | F62: =IFERROR(__xludf.DUMMYFUNCTION("SPLIT(E62,"">"")"),"Memorychain") -> Memorychain | G62: =IFERROR(__xludf.DUMMYFUNCTION("""COMPUTED_VALUE"""),"Series 4") -> Series 4 | H62: トレスト | I62: May 2017 | J62: 42856 | K62: 100 | L62: 100 | M62: 45 | N62: =F62&"🇯🇵" -> Memorychain🇯🇵 | P62: =VLOOKUP(D62,'シート2'!A:B, 2, 0) -> @TrendStream
A63: GARIKUSON | B63: https://rarejapanesenfts.com/nft/garikuson/ | C63: English | D63: 藤堂竜白 | E63: Memorychain>Series 4 | F63: =IFERROR(__xludf.DUMMYFUNCTION("SPLIT(E63,"">"")"),"Memorychain") -> Memorychain | G63: =IFERROR(__xludf.DUMMYFUNCTION("""COMPUTED_VALUE"""),"Series 4") -> Series 4 | H63: 藤堂竜白 | I63: May 2017 | J63: 42856 | K63: 10000 | L63: 10000 | M63: 46 | N63: =F63&"🇯🇵" -> Memorychain🇯🇵 | P63: =VLOOKUP(D63,'シート2'!A:B, 2, 0) -> @todokasumi
A64: HODLONME | B64: https://rarejapanesenfts.com/nft/hodlonme/ | C64: English | D64: davinci9 | E64: Memorychain>Series 4 | F64: =IFERROR(__xludf.DUMMYFUNCTION("SPLIT(E64,"">"")"),"Memorychain") -> Memorychain | G64: =IFERROR(__xludf.DUMMYFUNCTION("""COMPUTED_VALUE"""),"Series 4") -> Series 4 | H64: davinci9 | I64: May 2017 | J64: 42856 | K64: 100 | L64: 100 | M64: 47 | N64: =F64&"🇯🇵" -> Memorychain🇯🇵 | P64: =VLOOKUP(D64,'シート2'!A:B, 2, 0) -> @DavinciNine
A65: TREZORMYLOVE | B65: https://rarejapanesenfts.com/nft/trezormylove/ | C65: English | D65: AmazingJapepeneseMan | E65: Memorychain>Series 4 | F65: =IFERROR(__xludf.DUMMYFUNCTION("SPLIT(E65,"">"")"),"Memorychain") -> Memorychain | G65: =IFERROR(__xludf.DUMMYFUNCTION("""COMPUTED_VALUE"""),"Series 4") -> Series 4 | H65: AmazingJapepeneseMan | I65: May 2017 | J65: 42856 | K65: 555 | L65: 555 | M65: 48 | N65: =F65&"🇯🇵" -> Memorychain🇯🇵 | P65: =VLOOKUP(D65,'シート2'!A:B, 2, 0) -> @JapepeneseMan
A66: SROADCAMEL | B66: https://rarejapanesenfts.com/nft/sroadcamel/ | C66: English | D66: x0xb0x | E66: Memorychain>Series 4 | F66: =IFERROR(__xludf.DUMMYFUNCTION("SPLIT(E66,"">"")"),"Memorychain") -> Memorychain | G66: =IFERROR(__xludf.DUMMYFUNCTION("""COMPUTED_VALUE"""),"Series 4") -> Series 4 | H66: x0xb0x | I66: May 2017 | J66: 42856 | K66: 500 | L66: 500 | M66: 49 | N66: =F66&"🇯🇵" -> Memorychain🇯🇵 | P66: =VLOOKUP(D66,'シート2'!A:B, 2, 0) -> @x0xb0x1
A67: THEAKANPANY | B67: https://rarejapanesenfts.com/nft/theakanpany/ | C67: English | D67: べた | E67: Memorychain>Series 4 | F67: =IFERROR(__xludf.DUMMYFUNCTION("SPLIT(E67,"">"")"),"Memorychain") -> Memorychain | G67: =IFERROR(__xludf.DUMMYFUNCTION("""COMPUTED_VALUE"""),"Series 4") -> Series 4 | H67: べた | I67: May 2017 | J67: 42856 | K67: 1300 | L67: 1300 | M67: 50 | N67: =F67&"🇯🇵" -> Memorychain🇯🇵 | P67: =VLOOKUP(D67,'シート2'!A:B, 2, 0) -> @ethereumon
A68: TLOD | B68: https://rarejapanesenfts.com/nft/tlod/ | C68: English | D68: Kassy | E68: Memorychain>Series 4 | F68: =IFERROR(__xludf.DUMMYFUNCTION("SPLIT(E68,"">"")"),"Memorychain") -> Memorychain | G68: =IFERROR(__xludf.DUMMYFUNCTION("""COMPUTED_VALUE"""),"Series 4") -> Series 4 | H68: Kassy | I68: May 2017 | J68: 42856 | K68: 100 | L68: 100 | M68: 51 | N68: =F68&"🇯🇵" -> Memorychain🇯🇵 | P68: =VLOOKUP(D68,'シート2'!A:B, 2, 0) -> @kassy_nara
A69: WACKWATANABE | B69: https://rarejapanesenfts.com/nft/wackwatanabe/ | C69: English | D69: ごっつ | E69: Memorychain>Series 4 | F69: =IFERROR(__xludf.DUMMYFUNCTION("SPLIT(E69,"">"")"),"Memorychain") -> Memorychain | G69: =IFERROR(__xludf.DUMMYFUNCTION("""COMPUTED_VALUE"""),"Series 4") -> Series 4 | H69: ごっつ | I69: May 2017 | J69: 42856 | K69: 2014 | L69: 2014 | M69: 52 | N69: =F69&"🇯🇵" -> Memorychain🇯🇵 | P69: =VLOOKUP(D69,'シート2'!A:B, 2, 0) -> @nemkd12
A70: ZAIFGIRLS | B70: https://rarejapanesenfts.com/nft/zaifgirls/ | C70: English | D70: 水瀬 亞里亞 | E70: Memorychain>Series 4 | F70: =IFERROR(__xludf.DUMMYFUNCTION("SPLIT(E70,"">"")"),"Memorychain") -> Memorychain | G70: =IFERROR(__xludf.DUMMYFUNCTION("""COMPUTED_VALUE"""),"Series 4") -> Series 4 | H70: 水瀬 亞里亞 | I70: May 2017 | J70: 42856 | K70: 1000 | L70: 1000 | M70: 53 | N70: =F70&"🇯🇵" -> Memorychain🇯🇵 | P70: =VLOOKUP(D70,'シート2'!A:B, 2, 0) -> @aria_minase
A71: CCGANNEN | B71: https://rarejapanesenfts.com/nft/ccgannen/ | C71: English | D71: Kassy | E71: Memorychain>Series 5 | F71: =IFERROR(__xludf.DUMMYFUNCTION("SPLIT(E71,"">"")"),"Memorychain") -> Memorychain | G71: =IFERROR(__xludf.DUMMYFUNCTION("""COMPUTED_VALUE"""),"Series 5") -> Series 5 | H71: Kassy | I71: Jun 2017 | J71: 42887 | K71: 100 | L71: 100 | M71: 54 | N71: =F71&"🇯🇵" -> Memorychain🇯🇵 | P71: =VLOOKUP(D71,'シート2'!A:B, 2, 0) -> @kassy_nara
A72: YOMEGOX | B72: https://rarejapanesenfts.com/nft/yomegox/ | C72: English | D72: Kassy | E72: Memorychain>Series 5 | F72: =IFERROR(__xludf.DUMMYFUNCTION("SPLIT(E72,"">"")"),"Memorychain") -> Memorychain | G72: =IFERROR(__xludf.DUMMYFUNCTION("""COMPUTED_VALUE"""),"Series 5") -> Series 5 | H72: Kassy | I72: Jun 2017 | J72: 42887 | K72: 100 | L72: 100 | M72: 55 | N72: =F72&"🇯🇵" -> Memorychain🇯🇵 | P72: =VLOOKUP(D72,'シート2'!A:B, 2, 0) -> @kassy_nara
A73: CRYPTORPG | B73: https://rarejapanesenfts.com/nft/cryptorpg/ | C73: English | D73: PJ | E73: Memorychain>Series 5 | F73: =IFERROR(__xludf.DUMMYFUNCTION("SPLIT(E73,"">"")"),"Memorychain") -> Memorychain | G73: =IFERROR(__xludf.DUMMYFUNCTION("""COMPUTED_VALUE"""),"Series 5") -> Series 5 | H73: PJ | I73: Jun 2017 | J73: 42887 | K73: 1000 | L73: 1000 | M73: 56 | N73: =F73&"🇯🇵" -> Memorychain🇯🇵 | P73: =VLOOKUP(D73,'シート2'!A:B, 2, 0) -> PJ
A74: FOREVERP | B74: https://rarejapanesenfts.com/nft/foreverp/ | C74: English | D74: SWINGO | E74: Memorychain>Series 5 | F74: =IFERROR(__xludf.DUMMYFUNCTION("SPLIT(E74,"">"")"),"Memorychain") -> Memorychain | G74: =IFERROR(__xludf.DUMMYFUNCTION("""COMPUTED_VALUE"""),"Series 5") -> Series 5 | H74: SWINGO | I74: Jun 2017 | J74: 42887 | K74: 100 | L74: 100 | M74: 57 | N74: =F74&"🇯🇵" -> Memorychain🇯🇵 | P74: =VLOOKUP(D74,'シート2'!A:B, 2, 0) -> @SmartSpaceDogs
A75: MCHARVESTING | B75: https://rarejapanesenfts.com/nft/mcharvesting/ | C75: English | D75: 水瀬 亞里亞 | E75: Memorychain>Series 5 | F75: =IFERROR(__xludf.DUMMYFUNCTION("SPLIT(E75,"">"")"),"Memorychain") -> Memorychain | G75: =IFERROR(__xludf.DUMMYFUNCTION("""COMPUTED_VALUE"""),"Series 5") -> Series 5 | H75: 水瀬 亞里亞 | I75: Jun 2017 | J75: 42887 | K75: 1000 | L75: 1000 | M75: 58 | N75: =F75&"🇯🇵" -> Memorychain🇯🇵 | P75: =VLOOKUP(D75,'シート2'!A:B, 2, 0) -> @aria_minase
A76: MCRIPPLENW | B76: https://rarejapanesenfts.com/nft/mcripplenw/ | C76: English | D76: 水瀬 亞里亞 | E76: Memorychain>Series 5 | F76: =IFERROR(__xludf.DUMMYFUNCTION("SPLIT(E76,"">"")"),"Memorychain") -> Memorychain | G76: =IFERROR(__xludf.DUMMYFUNCTION("""COMPUTED_VALUE"""),"Series 5") -> Series 5 | H76: 水瀬 亞里亞 | I76: Jun 2017 | J76: 42887 | K76: 1000 | L76: 1000 | M76: 59 | N76: =F76&"🇯🇵" -> Memorychain🇯🇵 | P76: =VLOOKUP(D76,'シート2'!A:B, 2, 0) -> @aria_minase
A77: MONAPEPECARD | B77: https://rarejapanesenfts.com/nft/monapepecard/ | C77: English | D77: TKY | E77: Memorychain>Series 5 | F77: =IFERROR(__xludf.DUMMYFUNCTION("SPLIT(E77,"">"")"),"Memorychain") -> Memorychain | G77: =IFERROR(__xludf.DUMMYFUNCTION("""COMPUTED_VALUE"""),"Series 5") -> Series 5 | H77: TKY | I77: Jun 2017 | J77: 42887 | K77: 150 | L77: 150 | M77: 60 | N77: =F77&"🇯🇵" -> Memorychain🇯🇵 | P77: =VLOOKUP(D77,'シート2'!A:B, 2, 0) -> @Taky_Taky_
A78: MONATATTOO | B78: https://rarejapanesenfts.com/nft/monatattoo/ | C78: English | D78: 響 | E78: Memorychain>Series 5 | F78: =IFERROR(__xludf.DUMMYFUNCTION("SPLIT(E78,"">"")"),"Memorychain") -> Memorychain | G78: =IFERROR(__xludf.DUMMYFUNCTION("""COMPUTED_VALUE"""),"Series 5") -> Series 5 | H78: 響 | I78: Jun 2017 | J78: 42887 | K78: 300 | L78: 100 | M78: 61 | N78: =F78&"🇯🇵" -> Memorychain🇯🇵 | P78: =VLOOKUP(D78,'シート2'!A:B, 2, 0) -> @Whiskey_bonbon_
A79: XEMTATTOO | B79: https://rarejapanesenfts.com/nft/xemtattoo/ | C79: English | D79: 響 | E79: Memorychain>Series 5 | F79: =IFERROR(__xludf.DUMMYFUNCTION("SPLIT(E79,"">"")"),"Memorychain") -> Memorychain | G79: =IFERROR(__xludf.DUMMYFUNCTION("""COMPUTED_VALUE"""),"Series 5") -> Series 5 | H79: 響 | I79: Jun 2017 | J79: 42887 | K79: 300 | L79: 100 | M79: 62 | N79: =F79&"🇯🇵" -> Memorychain🇯🇵 | P79: =VLOOKUP(D79,'シート2'!A:B, 2, 0) -> @Whiskey_bonbon_
A80: ORIGINOFSOG | B80: https://rarejapanesenfts.com/nft/originofsog/ | C80: English | D80: SWINGO | E80: Memorychain>Series 5 | F80: =IFERROR(__xludf.DUMMYFUNCTION("SPLIT(E80,"">"")"),"Memorychain") -> Memorychain | G80: =IFERROR(__xludf.DUMMYFUNCTION("""COMPUTED_VALUE"""),"Series 5") -> Series 5 | H80: SWINGO | I80: Jun 2017 | J80: 42887 | K80: 100 | L80: 100 | M80: 63 | N80: =F80&"🇯🇵" -> Memorychain🇯🇵 | P80: =VLOOKUP(D80,'シート2'!A:B, 2, 0) -> @SmartSpaceDogs
A81: POTCOINER | B81: https://rarejapanesenfts.com/nft/potcoiner/ | C81: English | D81: トレスト | E81: Memorychain>Series 5 | F81: =IFERROR(__xludf.DUMMYFUNCTION("SPLIT(E81,"">"")"),"Memorychain") -> Memorychain | G81: =IFERROR(__xludf.DUMMYFUNCTION("""COMPUTED_VALUE"""),"Series 5") -> Series 5 | H81: トレスト | I81: Jun 2017 | J81: 42887 | K81: 300 | L81: 300 | M81: 64 | N81: =F81&"🇯🇵" -> Memorychain🇯🇵 | P81: =VLOOKUP(D81,'シート2'!A:B, 2, 0) -> @TrendStream
A82: XCPPEOPLE | B82: https://rarejapanesenfts.com/nft/xcppeople/ | C82: English | D82: トレスト | E82: Memorychain>Series 5 | F82: =IFERROR(__xludf.DUMMYFUNCTION("SPLIT(E82,"">"")"),"Memorychain") -> Memorychain | G82: =IFERROR(__xludf.DUMMYFUNCTION("""COMPUTED_VALUE"""),"Series 5") -> Series 5 | H82: トレスト | I82: Jun 2017 | J82: 42887 | K82: 100 | L82: 100 | M82: 65 | N82: =F82&"🇯🇵" -> Memorychain🇯🇵 | P82: =VLOOKUP(D82,'シート2'!A:B, 2, 0) -> @TrendStream
A83: THEICODEAD | B83: https://rarejapanesenfts.com/nft/theicodead/ | C83: English | D83: トレスト | E83: Memorychain>Series 5 | F83: =IFERROR(__xludf.DUMMYFUNCTION("SPLIT(E83,"">"")"),"Memorychain") -> Memorychain | G83: =IFERROR(__xludf.DUMMYFUNCTION("""COMPUTED_VALUE"""),"Series 5") -> Series 5 | H83: トレスト | I83: Jun 2017 | J83: 42887 | K83: 100 | L83: 100 | M83: 66 | N83: =F83&"🇯🇵" -> Memorychain🇯🇵 | P83: =VLOOKUP(D83,'シート2'!A:B, 2, 0) -> @TrendStream
A84: NEMANGEL | B84: https://rarejapanesenfts.com/nft/nemangel/ | C84: English | D84: メルキャット | E84: Memorychain>Series 5 | F84: =IFERROR(__xludf.DUMMYFUNCTION("SPLIT(E84,"">"")"),"Memorychain") -> Memorychain | G84: =IFERROR(__xludf.DUMMYFUNCTION("""COMPUTED_VALUE"""),"Series 5") -> Series 5 | H84: メルキャット | I84: Jun 2017 | J84: 42887 | K84: 1000 | L84: 1000 | M84: 67 | N84: =F84&"🇯🇵" -> Memorychain🇯🇵 | P84: =VLOOKUP(D84,'シート2'!A:B, 2, 0) -> メルキャット
A85: SEGWITSHI | B85: https://rarejapanesenfts.com/nft/segwitshi/ | C85: English | D85: VeryLongUnagi | E85: Memorychain>Series 5 | F85: =IFERROR(__xludf.DUMMYFUNCTION("SPLIT(E85,"">"")"),"Memorychain") -> Memorychain | G85: =IFERROR(__xludf.DUMMYFUNCTION("""COMPUTED_VALUE"""),"Series 5") -> Series 5 | H85: VeryLongUnagi | I85: Jun 2017 | J85: 42887 | K85: 500 | L85: 500 | M85: 68 | N85: =F85&"🇯🇵" -> Memorychain🇯🇵 | P85: =VLOOKUP(D85,'シート2'!A:B, 2, 0) -> VeryLongUnagi
A86: SHITCOINER | B86: https://rarejapanesenfts.com/nft/shitcoiner/ | C86: English | D86: davinci9 | E86: Memorychain>Series 5 | F86: =IFERROR(__xludf.DUMMYFUNCTION("SPLIT(E86,"">"")"),"Memorychain") -> Memorychain | G86: =IFERROR(__xludf.DUMMYFUNCTION("""COMPUTED_VALUE"""),"Series 5") -> Series 5 | H86: davinci9 | I86: Jun 2017 | J86: 42887 | K86: 100 | L86: 100 | M86: 69 | N86: =F86&"🇯🇵" -> Memorychain🇯🇵 | P86: =VLOOKUP(D86,'シート2'!A:B, 2, 0) -> @DavinciNine
A87: GRIPGIRL | B87: https://rarejapanesenfts.com/nft/gripgirl/ | C87: English | D87: 栗饅頭 | E87: Memorychain>Series 5 | F87: =IFERROR(__xludf.DUMMYFUNCTION("SPLIT(E87,"">"")"),"Memorychain") -> Memorychain | G87: =IFERROR(__xludf.DUMMYFUNCTION("""COMPUTED_VALUE"""),"Series 5") -> Series 5 | H87: 栗饅頭 | I87: Jun 2017 | J87: 42887 | K87: 100 | L87: 100 | M87: 70 | N87: =F87&"🇯🇵" -> Memorychain🇯🇵 | P87: =VLOOKUP(D87,'シート2'!A:B, 2, 0) -> 栗饅頭
A88: BITZENY | B88: https://rarejapanesenfts.com/nft/bitzeny/ | C88: English | D88: 五所川原銭夫 | E88: Memorychain>Series 6 | F88: =IFERROR(__xludf.DUMMYFUNCTION("SPLIT(E88,"">"")"),"Memorychain") -> Memorychain | G88: =IFERROR(__xludf.DUMMYFUNCTION("""COMPUTED_VALUE"""),"Series 6") -> Series 6 | H88: 五所川原銭夫 | I88: Jun 2017 | J88: 42887 | K88: 222 | L88: 222 | M88: 71 | N88: =F88&"🇯🇵" -> Memorychain🇯🇵 | P88: =VLOOKUP(D88,'シート2'!A:B, 2, 0) -> 五所川原銭夫
A89: DECENTORACLE | B89: https://rarejapanesenfts.com/nft/decentoracle/ | C89: English | D89: AmazingJapepeneseMan | E89: Memorychain>Series 6 | F89: =IFERROR(__xludf.DUMMYFUNCTION("SPLIT(E89,"">"")"),"Memorychain") -> Memorychain | G89: =IFERROR(__xludf.DUMMYFUNCTION("""COMPUTED_VALUE"""),"Series 6") -> Series 6 | H89: AmazingJapepeneseMan | I89: Jun 2017 | J89: 42887 | K89: 555 | L89: 555 | M89: 72 | N89: =F89&"🇯🇵" -> Memorychain🇯🇵 | P89: =VLOOKUP(D89,'シート2'!A:B, 2, 0) -> @JapepeneseMan
A90: MASTERINGPC | B90: https://rarejapanesenfts.com/nft/masteringpc/ | C90: English | D90: AmazingJapepeneseMan | E90: Memorychain>Series 6 | F90: =IFERROR(__xludf.DUMMYFUNCTION("SPLIT(E90,"">"")"),"Memorychain") -> Memorychain | G90: =IFERROR(__xludf.DUMMYFUNCTION("""COMPUTED_VALUE"""),"Series 6") -> Series 6 | H90: AmazingJapepeneseMan | I90: Jun 2017 | J90: 42887 | K90: 555 | L90: 555 | M90: 73 | N90: =F90&"🇯🇵" -> Memorychain🇯🇵 | P90: =VLOOKUP(D90,'シート2'!A:B, 2, 0) -> @JapepeneseMan
A91: SCAMCOINSHOP | B91: https://rarejapanesenfts.com/nft/scamcoinshop/ | C91: English | D91: 響 | E91: Memorychain>Series 6 | F91: =IFERROR(__xludf.DUMMYFUNCTION("SPLIT(E91,"">"")"),"Memorychain") -> Memorychain | G91: =IFERROR(__xludf.DUMMYFUNCTION("""COMPUTED_VALUE"""),"Series 6") -> Series 6 | H91: 響 | I91: Jun 2017 | J91: 42887 | K91: 300 | L91: 100 | M91: 74 | N91: =F91&"🇯🇵" -> Memorychain🇯🇵 | P91: =VLOOKUP(D91,'シート2'!A:B, 2, 0) -> @Whiskey_bonbon_
A92: HOGEHOGE | B92: https://rarejapanesenfts.com/nft/hogehoge/ | C92: English | D92: 睡眠 | E92: Memorychain>Series 6 | F92: =IFERROR(__xludf.DUMMYFUNCTION("SPLIT(E92,"">"")"),"Memorychain") -> Memorychain | G92: =IFERROR(__xludf.DUMMYFUNCTION("""COMPUTED_VALUE"""),"Series 6") -> Series 6 | H92: 睡眠 | I92: Jun 2017 | J92: 42887 | K92: 300 | L92: 300 | M92: 75 | N92: =F92&"🇯🇵" -> Memorychain🇯🇵 | P92: =VLOOKUP(D92,'シート2'!A:B, 2, 0) -> 睡眠
A93: INAGO | B93: https://rarejapanesenfts.com/nft/inago/ | C93: English | D93: kappepe | E93: Memorychain>Series 6 | F93: =IFERROR(__xludf.DUMMYFUNCTION("SPLIT(E93,"">"")"),"Memorychain") -> Memorychain | G93: =IFERROR(__xludf.DUMMYFUNCTION("""COMPUTED_VALUE"""),"Series 6") -> Series 6 | H93: kappepe | I93: Jun 2017 | J93: 42887 | K93: 1000 | L93: 1000 | M93: 76 | N93: =F93&"🇯🇵" -> Memorychain🇯🇵 | P93: =VLOOKUP(D93,'シート2'!A:B, 2, 0) -> @kartanbitcoin
A94: KINGOFCC | B94: https://rarejapanesenfts.com/nft/kingofcc/ | C94: English | D94: Onigiri | E94: Memorychain>Series 6 | F94: =IFERROR(__xludf.DUMMYFUNCTION("SPLIT(E94,"">"")"),"Memorychain") -> Memorychain | G94: =IFERROR(__xludf.DUMMYFUNCTION("""COMPUTED_VALUE"""),"Series 6") -> Series 6 | H94: Onigiri | I94: Jun 2017 | J94: 42887 | K94: 555 | L94: 555 | M94: 77 | N94: =F94&"🇯🇵" -> Memorychain🇯🇵 | P94: =VLOOKUP(D94,'シート2'!A:B, 2, 0) -> @7cryptocurrency
A95: MEIGEN | B95: https://rarejapanesenfts.com/nft/meigen/ | C95: English | D95: チノ | E95: Memorychain>Series 6 | F95: =IFERROR(__xludf.DUMMYFUNCTION("SPLIT(E95,"">"")"),"Memorychain") -> Memorychain | G95: =IFERROR(__xludf.DUMMYFUNCTION("""COMPUTED_VALUE"""),"Series 6") -> Series 6 | H95: チノ | I95: Jun 2017 | J95: 42887 | K95: 1000 | L95: 1000 | M95: 78 | N95: =F95&"🇯🇵" -> Memorychain🇯🇵 | P95: =VLOOKUP(D95,'シート2'!A:B, 2, 0) -> チノ
A96: NHARVEST | B96: https://rarejapanesenfts.com/nft/nharvest/ | C96: English | D96: kappepe | E96: Memorychain>Series 6 | F96: =IFERROR(__xludf.DUMMYFUNCTION("SPLIT(E96,"">"")"),"Memorychain") -> Memorychain | G96: =IFERROR(__xludf.DUMMYFUNCTION("""COMPUTED_VALUE"""),"Series 6") -> Series 6 | H96: kappepe | I96: Jun 2017 | J96: 42887 | K96: 100 | L96: 100 | M96: 79 | N96: =F96&"🇯🇵" -> Memorychain🇯🇵 | P96: =VLOOKUP(D96,'シート2'!A:B, 2, 0) -> @kartanbitcoin
A97: PEPEMODOKI | B97: https://rarejapanesenfts.com/nft/pepemodoki/ | C97: English | D97: TKY | E97: Memorychain>Series 6 | F97: =IFERROR(__xludf.DUMMYFUNCTION("SPLIT(E97,"">"")"),"Memorychain") -> Memorychain | G97: =IFERROR(__xludf.DUMMYFUNCTION("""COMPUTED_VALUE"""),"Series 6") -> Series 6 | H97: TKY | I97: Jun 2017 | J97: 42887 | K97: 151 | L97: 151 | M97: 80 | N97: =F97&"🇯🇵" -> Memorychain🇯🇵 | P97: =VLOOKUP(D97,'シート2'!A:B, 2, 0) -> @Taky_Taky_
A98: RAPPLEBOY | B98: https://rarejapanesenfts.com/nft/rappleboy/ | C98: English | D98: M1XXK1NG W1CKED | E98: Memorychain>Series 6 | F98: =IFERROR(__xludf.DUMMYFUNCTION("SPLIT(E98,"">"")"),"Memorychain") -> Memorychain | G98: =IFERROR(__xludf.DUMMYFUNCTION("""COMPUTED_VALUE"""),"Series 6") -> Series 6 | H98: M1XXK1NG W1CKED | I98: Jun 2017 | J98: 42887 | K98: 500 | L98: 500 | M98: 81 | N98: =F98&"🇯🇵" -> Memorychain🇯🇵 | P98: =VLOOKUP(D98,'シート2'!A:B, 2, 0) -> M1XXK1NG W1CKED
A99: SMARTDUBAI | B99: https://rarejapanesenfts.com/nft/smartdubai/ | C99: English | D99: トレスト | E99: Memorychain>Series 6 | F99: =IFERROR(__xludf.DUMMYFUNCTION("SPLIT(E99,"">"")"),"Memorychain") -> Memorychain | G99: =IFERROR(__xludf.DUMMYFUNCTION("""COMPUTED_VALUE"""),"Series 6") -> Series 6 | H99: トレスト | I99: Jun 2017 | J99: 42887 | K99: 150 | L99: 150 | M99: 82 | N99: =F99&"🇯🇵" -> Memorychain🇯🇵 | P99: =VLOOKUP(D99,'シート2'!A:B, 2, 0) -> @TrendStream
A100: UNTRACEABLE | B100: https://rarejapanesenfts.com/nft/untraceable/ | C100: English | D100: トレスト | E100: Memorychain>Series 6 | F100: =IFERROR(__xludf.DUMMYFUNCTION("SPLIT(E100,"">"")"),"Memorychain") -> Memorychain | G100: =IFERROR(__xludf.DUMMYFUNCTION("""COMPUTED_VALUE"""),"Series 6") -> Series 6 | H100: トレスト | I100: Jun 2017 | J100: 42887 | K100: 300 | L100: 300 | M100: 83 | N100: =F100&"🇯🇵" -> Memorychain🇯🇵 | P100: =VLOOKUP(D100,'シート2'!A:B, 2, 0) -> @TrendStream
...

Sheet シート2
A1: Artists | D1: Twitter
A2: ごっつ | B2: @nemkd12 | D2: https://twitter.com/nemkd12
A3: Koji | B3: @Coin_and_Peace | D3: https://twitter.com/Coin_and_Peace
A4: kappepe | B4: @kartanbitcoin | D4: https://twitter.com/kartanbitcoin
A5: CHUNRI | B5: @ChunriMD | D5: https://twitter.com/ChunriMD
A6: BB | B6: @MetaBB_eth | D6: https://twitter.com/MetaBB_eth
A7: くわ | B7: くわ
A8: pom779 | B8: @pom779 | D8: https://twitter.com/pom779
A9: Anonymous | B9: Anonymous
A10: nonsugar | B10: nonsugar
A11: ブロック男 | B11: ブロック男
A12: TKY | B12: @Taky_Taky_ | D12: https://twitter.com/Taky_Taky_
A13: NFTuber | B13: @NFTuber | D13: https://twitter.com/NFTuber
A14: davinci9 | B14: @DavinciNine | D14: https://twitter.com/DavinciNine
A15: AmazingJapepeneseMan | B15: @JapepeneseMan | D15: https://twitter.com/JapepeneseMan
A16: トレスト | B16: @TrendStream | D16: https://twitter.com/TrendStream
A17: 水瀬 亞里亞 | B17: @aria_minase | D17: https://mobile.twitter.com/aria_minase
A18: エヌ | B18: @sai33211 | D18: https://twitter.com/sai33211
A19: Myon9 | B19: @Myon9 | D19: https://twitter.com/Myon9
A20: SWINGO | B20: @SmartSpaceDogs | D20: https://twitter.com/SmartSpaceDogs
A21: 安心院まおら | B21: 安心院まおら
A22: らくがきac | B22: @rkgk_ac | D22: https://twitter.com/rkgk_ac
A23: Kassy | B23: @kassy_nara | D23: https://twitter.com/kassy_nara
A24: ミツコア | B24: @mizcored | D24: https://twitter.com/mizcored
A25: たろふあ | B25: たろふあ
A26: VeryLongUnagi | B26: VeryLongUnagi
A27: 笑猫 | B27: @1aughingcat | D27: https://twitter.com/1aughingcat
A28: 裏技君 | B28: @urawazakun | D28: https://twitter.com/urawazakun
A29: 響 | B29: @Whiskey_bonbon_ | D29: https://twitter.com/Whiskey_bonbon_
A30: 藤堂竜白 | B30: @todokasumi | D30: https://twitter.com/todokasumi
A31: x0xb0x | B31: @x0xb0x1 | D31: https://twitter.com/x0xb0x1
A32: べた | B32: @ethereumon | D32: https://twitter.com/ethereumon
A33: PJ | B33: PJ
A34: メルキャット | B34: メルキャット
A35: 栗饅頭 | B35: 栗饅頭
A36: 五所川原銭夫 | B36: 五所川原銭夫
A37: 睡眠 | B37: 睡眠
A38: Onigiri | B38: @7cryptocurrency | D38: https://twitter.com/7cryptocurrency
A39: チノ | B39: チノ
A40: M1XXK1NG W1CKED | B40: M1XXK1NG W1CKED
A41: クリプト無職希望 | B41: クリプト無職希望
A42: Pepe Museum | B42: Pepe Museum
A43: ヨースケ | B43: @StArnouldnagoya | D43: https://twitter.com/StArnouldnagoya
A44: Christian Moss | B44: @MandelDuck | D44: https://twitter.com/MandelDuck/status/1451504375906570264
A45: オクナモ | B45: @ocknamo | D45: https://twitter.com/ocknamo
A46: 右馬之介信生 | B46: 右馬之介信生
A47: 草コイナー | B47: 草コイナー
A48: ウーピン | B48: ウーピン
A49: Rin MIZUNASHI | B49: Rin MIZUNASHI | D49: https://twitter.com/mizunashi_JK17
A50: ぽん | B50: ぽん
A51: やっすんX | B51: やっすんX
A52: かなぴっぴ | B52: かなぴっぴ
A53: 快傑Ｚ | B53: @CryptoKaiketsuZ | D53: https://twitter.com/CryptoKaiketsuZ
A54: sasu | B54: sasu
A55: tomopen | B55: @kouteipenpen_f | D55: https://twitter.com/kouteipenpen_f
A56: だいふく | B56: だいふく
A57: hirosu | B57: hirosu
A58: 空廻ロジカ《Sorane Logica》 | B58: @logica_s | D58: https://twitter.com/logica_s
A59: まる | B59: まる
A60: Satomaru | B60: Satomaru
A61: 念能力ﾄﾚｰﾀﾞｰℳ | B61: @crypto_M_esi | D61: https://twitter.com/crypto_M_esi
A62: typerr | B62: typerr
A63: クリプトカレンシーガールズ | B63: クリプトカレンシーガールズ
A64: emma | B64: @emma_nft | D64: https://twitter.com/emma_nft
A65: 仮想通貨ニュース | B65: 仮想通貨ニュース
A66: シシャモ | B66: シシャモ
A67: ののた | B67: ののた
A68: ビケルマン | B68: ビケルマン
A69: Rey | B69: @coinpartyX | D69: https://twitter.com/coinpartyX
A70: tomotomo9696 | B70: @tomotomo_9696 | D70: https://twitter.com/tomotomo_9696
A71: BitGirls | B71: @zaifdotjp | D71: https://twitter.com/zaifdotjp
A72: Force of Will | B72: Force of Will
A73: Spells of Genesis | B73: @SpellsofGenesis | D73: https://twitter.com/SpellsofGenesis
A74: Aya | B74: @ayaLAN | D74: https://twitter.com/ayaLAN
A75: tomoyo | B75: @tomoyo_ch | D75: https://twitter.com/tomoyo_ch
A76: NoraMyao | B76: @NoraMyao | D76: https://twitter.com/NoraMyao
A77: tomocici | B77: @_tomocici_ | D77: https://twitter.com/_tomocici_
A78: mekabu | B78: @monolag | D78: https://twitter.com/monolag
A79: masia02 | B79: @masia02 | D79: https://twitter.com/masia02
A80: タヌ神 | B80: タヌ神

Sheet NFTs-Export-2022-September-05-1
A1: Title | B1: Permalink | C1: Languages | D1: Artists | E1: collections&Series | F1: collections | G1: Series | H1: artist_name | I1: issued | J1: issued_ja | K1: total_supply | L1: real_supply | M1: card_num
A2: PEPEBAZAAR | B2: https://rarejapanesenfts.com/nft/pepebazaar/ | C2: English | D2: kappepe | E2: Badger Capsule>Series 1 | F2: =IFERROR(__xludf.DUMMYFUNCTION("SPLIT(E2,"">"")"),"Badger Capsule") -> Badger Capsule | G2: =IFERROR(__xludf.DUMMYFUNCTION("""COMPUTED_VALUE"""),"Series 1") -> Series 1 | H2: kappepe | I2: Nov 2021 | J2: 44501 | K2: 250 | L2: 250 | M2: 12
A3: IDOJAWAN | B3: https://rarejapanesenfts.com/nft/idojawan/ | C3: English | D3: CHUNRI | E3: Badger Capsule>Series 1 | F3: =IFERROR(__xludf.DUMMYFUNCTION("SPLIT(E3,"">"")"),"Badger Capsule") -> Badger Capsule | G3: =IFERROR(__xludf.DUMMYFUNCTION("""COMPUTED_VALUE"""),"Series 1") -> Series 1 | H3: CHUNRI | I3: Nov 2021 | J3: 44501 | K3: 250 | L3: 250 | M3: 9
A4: LOVENFT | B4: https://rarejapanesenfts.com/nft/lovenft/ | C4: English | D4: CHUNRI | E4: Badger Capsule>Series 1 | F4: =IFERROR(__xludf.DUMMYFUNCTION("SPLIT(E4,"">"")"),"Badger Capsule") -> Badger Capsule | G4: =IFERROR(__xludf.DUMMYFUNCTION("""COMPUTED_VALUE"""),"Series 1") -> Series 1 | H4: CHUNRI | I4: Nov 2021 | J4: 44501 | K4: 250 | L4: 250 | M4: 10
A5: NOMOREDEFI | B5: https://rarejapanesenfts.com/nft/nomoredefi/ | C5: English | D5: BB | E5: Badger Capsule>Series 1 | F5: =IFERROR(__xludf.DUMMYFUNCTION("SPLIT(E5,"">"")"),"Badger Capsule") -> Badger Capsule | G5: =IFERROR(__xludf.DUMMYFUNCTION("""COMPUTED_VALUE"""),"Series 1") -> Series 1 | H5: BB | I5: Sep 2021 | J5: 44440 | K5: 250 | L5: 250 | M5: 2
A6: HWFASHION | B6: https://rarejapanesenfts.com/nft/hwfashion/ | C6: English | D6: BB | E6: Badger Capsule>Series 1 | F6: =IFERROR(__xludf.DUMMYFUNCTION("SPLIT(E6,"">"")"),"Badger Capsule") -> Badger Capsule | G6: =IFERROR(__xludf.DUMMYFUNCTION("""COMPUTED_VALUE"""),"Series 1") -> Series 1 | H6: BB | I6: Nov 2021 | J6: 44501 | K6: 250 | L6: 250 | M6: 11
A7: KAMATTE | B7: https://rarejapanesenfts.com/nft/kamatte/ | C7: English | D7: pom779 | E7: Badger Capsule>Series 1 | F7: =IFERROR(__xludf.DUMMYFUNCTION("SPLIT(E7,"">"")"),"Badger Capsule") -> Badger Capsule | G7: =IFERROR(__xludf.DUMMYFUNCTION("""COMPUTED_VALUE"""),"Series 1") -> Series 1 | H7: pom779 | I7: Oct 2021 | J7: 44470 | K7: 250 | L7: 250 | M7: 3
A8: FIRSTPEN | B8: https://rarejapanesenfts.com/nft/firstpen/ | C8: English | D8: くわ | E8: Badger Capsule>Badger Innovation Zone | F8: =IFERROR(__xludf.DUMMYFUNCTION("SPLIT(E8,"">"")"),"Badger Capsule") -> Badger Capsule | G8: =IFERROR(__xludf.DUMMYFUNCTION("""COMPUTED_VALUE"""),"Badger Innovation Zone") -> Badger Innovation Zone | H8: くわ | I8: Oct 2021 | J8: 44470 | K8: 500 | L8: 500 | M8: 7
A9: HAGEPEPE | B9: https://rarejapanesenfts.com/nft/hagepepe/ | C9: English | D9: pom779 | E9: Badger Capsule>Badger Innovation Zone | F9: =IFERROR(__xludf.DUMMYFUNCTION("SPLIT(E9,"">"")"),"Badger Capsule") -> Badger Capsule | G9: =IFERROR(__xludf.DUMMYFUNCTION("""COMPUTED_VALUE"""),"Badger Innovation Zone") -> Badger Innovation Zone | H9: pom779 | I9: Oct 2021 | J9: 44470 | K9: 500 | L9: 500 | M9: 8
A10: KOEDAME | B10: https://rarejapanesenfts.com/nft/koedame/ | C10: English | D10: Anonymous | E10: Badger Capsule>Series 1 | F10: =IFERROR(__xludf.DUMMYFUNCTION("SPLIT(E10,"">"")"),"Badger Capsule") -> Badger Capsule | G10: =IFERROR(__xludf.DUMMYFUNCTION("""COMPUTED_VALUE"""),"Series 1") -> Series 1 | H10: Anonymous | I10: Oct 2021 | J10: 44470 | K10: 250 | L10: 250 | M10: 5
A11: NOBUNSAN | B11: https://rarejapanesenfts.com/nft/nobunsan/ | C11: English | D11: nonsugar | E11: Badger Capsule>Series 1 | F11: =IFERROR(__xludf.DUMMYFUNCTION("SPLIT(E11,"">"")"),"Badger Capsule") -> Badger Capsule | G11: =IFERROR(__xludf.DUMMYFUNCTION("""COMPUTED_VALUE"""),"Series 1") -> Series 1 | H11: nonsugar | I11: Oct 2021 | J11: 44470 | K11: 250 | L11: 250 | M11: 6
A12: OSHIKOMARE | B12: https://rarejapanesenfts.com/nft/oshikomare/ | C12: English | D12: ブロック男 | E12: Badger Capsule>Series 1 | F12: =IFERROR(__xludf.DUMMYFUNCTION("SPLIT(E12,"">"")"),"Badger Capsule") -> Badger Capsule | G12: =IFERROR(__xludf.DUMMYFUNCTION("""COMPUTED_VALUE"""),"Series 1") -> Series 1 | H12: ブロック男 | I12: Oct 2021 | J12: 44470 | K12: 250 | L12: 250 | M12: 4
A13: NOTSOON | B13: https://rarejapanesenfts.com/nft/notsoon/ | C13: English | D13: TKY | E13: Badger Capsule>Series 1 | F13: =IFERROR(__xludf.DUMMYFUNCTION("SPLIT(E13,"">"")"),"Badger Capsule") -> Badger Capsule | G13: =IFERROR(__xludf.DUMMYFUNCTION("""COMPUTED_VALUE"""),"Series 1") -> Series 1 | H13: TKY | I13: Nov 2021 | J13: 44501 | K13: 250 | L13: 250 | M13: 13
A14: SHIBACOINER | B14: https://rarejapanesenfts.com/nft/shibacoiner/ | C14: English | D14: pom779 | E14: Badger Capsule>Badger Innovation Zone | F14: =IFERROR(__xludf.DUMMYFUNCTION("SPLIT(E14,"">"")"),"Badger Capsule") -> Badger Capsule | G14: =IFERROR(__xludf.DUMMYFUNCTION("""COMPUTED_VALUE"""),"Badger Innovation Zone") -> Badger Innovation Zone | H14: pom779 | I14: Dec 2021 | J14: 44531 | K14: 500 | L14: 500 | M14: 14
A15: GOXGIRL | B15: https://rarejapanesenfts.com/nft/goxgirl/ | C15: English | D15: kappepe | E15: Badger Capsule>Series 1 | F15: =IFERROR(__xludf.DUMMYFUNCTION("SPLIT(E15,"">"")"),"Badger Capsule") -> Badger Capsule | G15: =IFERROR(__xludf.DUMMYFUNCTION("""COMPUTED_VALUE"""),"Series 1") -> Series 1 | H15: kappepe | I15: Dec 2021 | J15: 44531 | K15: 250 | L15: 250 | M15: 15
A16: SHITTO | B16: https://rarejapanesenfts.com/nft/shitto/ | C16: English | D16: NFTuber | E16: Badger Capsule>Badger Innovation Zone | F16: =IFERROR(__xludf.DUMMYFUNCTION("SPLIT(E16,"">"")"),"Badger Capsule") -> Badger Capsule | G16: =IFERROR(__xludf.DUMMYFUNCTION("""COMPUTED_VALUE"""),"Badger Innovation Zone") -> Badger Innovation Zone | H16: NFTuber | I16: Dec 2021 | J16: 44531 | K16: 500 | L16: 500 | M16: 17
A17: DOGEMUSK | B17: https://rarejapanesenfts.com/nft/dogemusk/ | C17: English | D17: kappepe | E17: Badger Capsule>Badger Innovation Zone | F17: =IFERROR(__xludf.DUMMYFUNCTION("SPLIT(E17,"">"")"),"Badger Capsule") -> Badger Capsule | G17: =IFERROR(__xludf.DUMMYFUNCTION("""COMPUTED_VALUE"""),"Badger Innovation Zone") -> Badger Innovation Zone | H17: kappepe | I17: Dec 2021 | J17: 44531 | K17: 250 | L17: 250 | M17: 16
A18: WACKNAKAMOTO | B18: https://rarejapanesenfts.com/nft/wacknakamoto/ | C18: English | D18: ごっつ | E18: Memorychain>Series 1 | F18: =IFERROR(__xludf.DUMMYFUNCTION("SPLIT(E18,"">"")"),"Memorychain") -> Memorychain | G18: =IFERROR(__xludf.DUMMYFUNCTION("""COMPUTED_VALUE"""),"Series 1") -> Series 1 | H18: ごっつ | I18: Apr 2017 | J18: 42826 | K18: 10000 | L18: 10000 | M18: 1
A19: THEGODTANU | B19: https://rarejapanesenfts.com/nft/thegodtanu/ | C19: English | D19: davinci9 | E19: Memorychain>Series 1 | F19: =IFERROR(__xludf.DUMMYFUNCTION("SPLIT(E19,"">"")"),"Memorychain") -> Memorychain | G19: =IFERROR(__xludf.DUMMYFUNCTION("""COMPUTED_VALUE"""),"Series 1") -> Series 1 | H19: davinci9 | I19: Apr 2017 | J19: 42826 | K19: 100 | L19: 100 | M19: 2
A20: GOXANDTHEDAO | B20: https://rarejapanesenfts.com/nft/goxandthedao/ | C20: English | D20: davinci9 | E20: Memorychain>Series 1 | F20: =IFERROR(__xludf.DUMMYFUNCTION("SPLIT(E20,"">"")"),"Memorychain") -> Memorychain | G20: =IFERROR(__xludf.DUMMYFUNCTION("""COMPUTED_VALUE"""),"Series 1") -> Series 1 | H20: davinci9 | I20: Apr 2017 | J20: 42826 | K20: 100 | L20: 100 | M20: 3
A21: KOJITHECUPID | B21: https://rarejapanesenfts.com/nft/kojithecupid/ | C21: English | D21: AmazingJapepeneseMan | E21: Memorychain>Series 1 | F21: =IFERROR(__xludf.DUMMYFUNCTION("SPLIT(E21,"">"")"),"Memorychain") -> Memorychain | G21: =IFERROR(__xludf.DUMMYFUNCTION("""COMPUTED_VALUE"""),"Series 1") -> Series 1 | H21: AmazingJapepeneseMan | I21: Apr 2017 | J21: 42826 | K21: 777 | L21: 777 | M21: 4
A22: XEMURAI | B22: https://rarejapanesenfts.com/nft/xemurai/ | C22: English | D22: トレスト | E22: Memorychain>Series 1 | F22: =IFERROR(__xludf.DUMMYFUNCTION("SPLIT(E22,"">"")"),"Memorychain") -> Memorychain | G22: =IFERROR(__xludf.DUMMYFUNCTION("""COMPUTED_VALUE"""),"Series 1") -> Series 1 | H22: トレスト | I22: Apr 2017 | J22: 42826 | K22: 300 | L22: 300 | M22: 5
A23: THEDAODEAD | B23: https://rarejapanesenfts.com/nft/thedaodead/ | C23: English | D23: トレスト | E23: Memorychain>Series 1 | F23: =IFERROR(__xludf.DUMMYFUNCTION("SPLIT(E23,"">"")"),"Memorychain") -> Memorychain | G23: =IFERROR(__xludf.DUMMYFUNCTION("""COMPUTED_VALUE"""),"Series 1") -> Series 1 | H23: トレスト | I23: Apr 2017 | J23: 42826 | K23: 100 | L23: 100 | M23: 6
A24: BITCOINGIRL | B24: https://rarejapanesenfts.com/nft/bitcoingirl/ | C24: English | D24: 水瀬 亞里亞 | E24: Memorychain>Series 1 | F24: =IFERROR(__xludf.DUMMYFUNCTION("SPLIT(E24,"">"")"),"Memorychain") -> Memorychain | G24: =IFERROR(__xludf.DUMMYFUNCTION("""COMPUTED_VALUE"""),"Series 1") -> Series 1 | H24: 水瀬 亞里亞 | I24: Apr 2017 | J24: 42826 | K24: 1000 | L24: 1000 | M24: 7
A25: MONACOINGIRL | B25: https://rarejapanesenfts.com/nft/monacoingirl/ | C25: English | D25: 水瀬 亞里亞 | E25: Memorychain>Series 1 | F25: =IFERROR(__xludf.DUMMYFUNCTION("SPLIT(E25,"">"")"),"Memorychain") -> Memorychain | G25: =IFERROR(__xludf.DUMMYFUNCTION("""COMPUTED_VALUE"""),"Series 1") -> Series 1 | H25: 水瀬 亞里亞 | I25: Apr 2017 | J25: 42826 | K25: 1000 | L25: 1000 | M25: 8
A26: MINERB | B26: https://rarejapanesenfts.com/nft/minerb/ | C26: English | D26: エヌ | E26: Memorychain>Series 1 | F26: =IFERROR(__xludf.DUMMYFUNCTION("SPLIT(E26,"">"")"),"Memorychain") -> Memorychain | G26: =IFERROR(__xludf.DUMMYFUNCTION("""COMPUTED_VALUE"""),"Series 1") -> Series 1 | H26: エヌ | I26: Apr 2017 | J26: 42826 | K26: 1000 | L26: 1000 | M26: 9
A27: MIKEHEARNALT | B27: https://rarejapanesenfts.com/nft/mikehearnalt/ | C27: English | D27: Myon9 | E27: Memorychain>Series 1 | F27: =IFERROR(__xludf.DUMMYFUNCTION("SPLIT(E27,"">"")"),"Memorychain") -> Memorychain | G27: =IFERROR(__xludf.DUMMYFUNCTION("""COMPUTED_VALUE"""),"Series 1") -> Series 1 | H27: Myon9 | I27: Apr 2017 | J27: 42826 | K27: 317 | L27: 317 | M27: 10
A28: ORIGINOFMC | B28: https://rarejapanesenfts.com/nft/originofmc/ | C28: English | D28: SWINGO | E28: Memorychain>Series 1 | F28: =IFERROR(__xludf.DUMMYFUNCTION("SPLIT(E28,"">"")"),"Memorychain") -> Memorychain | G28: =IFERROR(__xludf.DUMMYFUNCTION("""COMPUTED_VALUE"""),"Series 1") -> Series 1 | H28: SWINGO | I28: Apr 2017 | J28: 42826 | K28: 100 | L28: 99 | M28: 11
A29: TOTHEMOONCD | B29: https://rarejapanesenfts.com/nft/tothemooncd/ | C29: English | D29: CHUNRI | E29: Memorychain>Series 1 | F29: =IFERROR(__xludf.DUMMYFUNCTION("SPLIT(E29,"">"")"),"Memorychain") -> Memorychain | G29: =IFERROR(__xludf.DUMMYFUNCTION("""COMPUTED_VALUE"""),"Series 1") -> Series 1 | H29: CHUNRI | I29: Apr 2017 | J29: 42826 | K29: 500 | L29: 500 | M29: 12
A30: BIGONESTEP | B30: https://rarejapanesenfts.com/nft/bigonestep/ | C30: English | D30: エヌ | E30: Memorychain>Series 1 | F30: =IFERROR(__xludf.DUMMYFUNCTION("SPLIT(E30,"">"")"),"Memorychain") -> Memorychain | G30: =IFERROR(__xludf.DUMMYFUNCTION("""COMPUTED_VALUE"""),"Series 1") -> Series 1 | H30: エヌ | I30: Apr 2017 | J30: 42826 | K30: 300 | L30: 299 | M30: 13
A31: XEMANDJAPAN | B31: https://rarejapanesenfts.com/nft/xemandjapan/ | C31: English | D31: 安心院まおら | E31: Memorychain>Series 1 | F31: =IFERROR(__xludf.DUMMYFUNCTION("SPLIT(E31,"">"")"),"Memorychain") -> Memorychain | G31: =IFERROR(__xludf.DUMMYFUNCTION("""COMPUTED_VALUE"""),"Series 1") -> Series 1 | H31: 安心院まおら | I31: Apr 2017 | J31: 42826 | K31: 100 | L31: 100 | M31: 14
A32: MONASEGWIT | B32: https://rarejapanesenfts.com/nft/monasegwit/ | C32: English | D32: らくがきac | E32: Memorychain>Series 1 | F32: =IFERROR(__xludf.DUMMYFUNCTION("SPLIT(E32,"">"")"),"Memorychain") -> Memorychain | G32: =IFERROR(__xludf.DUMMYFUNCTION("""COMPUTED_VALUE"""),"Series 1") -> Series 1 | H32: らくがきac | I32: Apr 2017 | J32: 42826 | K32: 100 | L32: 100 | M32: 15
A33: THEFINTECH | B33: https://rarejapanesenfts.com/nft/thefintech/ | C33: English | D33: davinci9 | E33: Memorychain>Series 2 | F33: =IFERROR(__xludf.DUMMYFUNCTION("SPLIT(E33,"">"")"),"Memorychain") -> Memorychain | G33: =IFERROR(__xludf.DUMMYFUNCTION("""COMPUTED_VALUE"""),"Series 2") -> Series 2 | H33: davinci9 | I33: Apr 2017 | J33: 42826 | K33: 100 | L33: 100 | M33: 16
A34: QUANTUMPC | B34: https://rarejapanesenfts.com/nft/quantumpc/ | C34: English | D34: davinci9 | E34: Memorychain>Series 2 | F34: =IFERROR(__xludf.DUMMYFUNCTION("SPLIT(E34,"">"")"),"Memorychain") -> Memorychain | G34: =IFERROR(__xludf.DUMMYFUNCTION("""COMPUTED_VALUE"""),"Series 2") -> Series 2 | H34: davinci9 | I34: Apr 2017 | J34: 42826 | K34: 100 | L34: 100 | M34: 17
A35: MONEROGIRL | B35: https://rarejapanesenfts.com/nft/monerogirl/ | C35: English | D35: 水瀬 亞里亞 | E35: Memorychain>Series 2 | F35: =IFERROR(__xludf.DUMMYFUNCTION("SPLIT(E35,"">"")"),"Memorychain") -> Memorychain | G35: =IFERROR(__xludf.DUMMYFUNCTION("""COMPUTED_VALUE"""),"Series 2") -> Series 2 | H35: 水瀬 亞里亞 | I35: Apr 2017 | J35: 42826 | K35: 1000 | L35: 1000 | M35: 18
A36: ETHEREUMGIRL | B36: https://rarejapanesenfts.com/nft/ethereumgirl/ | C36: English | D36: 水瀬 亞里亞 | E36: Memorychain>Series 2 | F36: =IFERROR(__xludf.DUMMYFUNCTION("SPLIT(E36,"">"")"),"Memorychain") -> Memorychain | G36: =IFERROR(__xludf.DUMMYFUNCTION("""COMPUTED_VALUE"""),"Series 2") -> Series 2 | H36: 水瀬 亞里亞 | I36: Apr 2017 | J36: 42826 | K36: 1000 | L36: 1000 | M36: 19
A37: RIPPLEGIRL | B37: https://rarejapanesenfts.com/nft/ripplegirl/ | C37: English | D37: 水瀬 亞里亞 | E37: Memorychain>Series 2 | F37: =IFERROR(__xludf.DUMMYFUNCTION("SPLIT(E37,"">"")"),"Memorychain") -> Memorychain | G37: =IFERROR(__xludf.DUMMYFUNCTION("""COMPUTED_VALUE"""),"Series 2") -> Series 2 | H37: 水瀬 亞里亞 | I37: Apr 2017 | J37: 42826 | K37: 1000 | L37: 1000 | M37: 20
A38: XASICBOOST | B38: https://rarejapanesenfts.com/nft/xasicboost/ | C38: English | D38: SWINGO | E38: Memorychain>Series 2 | F38: =IFERROR(__xludf.DUMMYFUNCTION("SPLIT(E38,"">"")"),"Memorychain") -> Memorychain | G38: =IFERROR(__xludf.DUMMYFUNCTION("""COMPUTED_VALUE"""),"Series 2") -> Series 2 | H38: SWINGO | I38: Apr 2017 | J38: 42826 | K38: 100 | L38: 100 | M38: 21
A39: REJECTEDVIX | B39: https://rarejapanesenfts.com/nft/rejectedvix/ | C39: English | D39: Myon9 | E39: Memorychain>Series 2 | F39: =IFERROR(__xludf.DUMMYFUNCTION("SPLIT(E39,"">"")"),"Memorychain") -> Memorychain | G39: =IFERROR(__xludf.DUMMYFUNCTION("""COMPUTED_VALUE"""),"Series 2") -> Series 2 | H39: Myon9 | I39: Apr 2017 | J39: 42826 | K39: 700 | L39: 700 | M39: 22
A40: RAMENSOG | B40: https://rarejapanesenfts.com/nft/ramensog/ | C40: English | D40: Kassy | E40: Memorychain>Series 2 | F40: =IFERROR(__xludf.DUMMYFUNCTION("SPLIT(E40,"">"")"),"Memorychain") -> Memorychain | G40: =IFERROR(__xludf.DUMMYFUNCTION("""COMPUTED_VALUE"""),"Series 2") -> Series 2 | H40: Kassy | I40: Apr 2017 | J40: 42826 | K40: 150 | L40: 149 | M40: 23
A41: ECOBITMAN | B41: https://rarejapanesenfts.com/nft/ecobitman/ | C41: English | D41: トレスト | E41: Memorychain>Series 2 | F41: =IFERROR(__xludf.DUMMYFUNCTION("SPLIT(E41,"">"")"),"Memorychain") -> Memorychain | G41: =IFERROR(__xludf.DUMMYFUNCTION("""COMPUTED_VALUE"""),"Series 2") -> Series 2 | H41: トレスト | I41: Apr 2017 | J41: 42826 | K41: 100 | L41: 100 | M41: 24
A42: ETCCHAN | B42: https://rarejapanesenfts.com/nft/etcchan/ | C42: English | D42: ミツコア | E42: Memorychain>Series 2 | F42: =IFERROR(__xludf.DUMMYFUNCTION("SPLIT(E42,"">"")"),"Memorychain") -> Memorychain | G42: =IFERROR(__xludf.DUMMYFUNCTION("""COMPUTED_VALUE"""),"Series 2") -> Series 2 | H42: ミツコア | I42: Apr 2017 | J42: 42826 | K42: 500 | L42: 499 | M42: 25
A43: ZECFOTHEMOON | B43: https://rarejapanesenfts.com/nft/zecfothemoon/ | C43: English | D43: CHUNRI | E43: Memorychain>Series 3 | F43: =IFERROR(__xludf.DUMMYFUNCTION("SPLIT(E43,"">"")"),"Memorychain") -> Memorychain | G43: =IFERROR(__xludf.DUMMYFUNCTION("""COMPUTED_VALUE"""),"Series 3") -> Series 3 | H43: CHUNRI | I43: May 2017 | J43: 42856 | K43: 500 | L43: 500 | M43: 26
A44: UNDERCONTROL | B44: https://rarejapanesenfts.com/nft/undercontrol/ | C44: English | D44: たろふあ | E44: Memorychain>Series 3 | F44: =IFERROR(__xludf.DUMMYFUNCTION("SPLIT(E44,"">"")"),"Memorychain") -> Memorychain | G44: =IFERROR(__xludf.DUMMYFUNCTION("""COMPUTED_VALUE"""),"Series 3") -> Series 3 | H44: たろふあ | I44: May 2017 | J44: 42856 | K44: 108 | L44: 108 | M44: 27
A45: UASFARMY | B45: https://rarejapanesenfts.com/nft/uasfarmy/ | C45: English | D45: AmazingJapepeneseMan | E45: Memorychain>Series 3 | F45: =IFERROR(__xludf.DUMMYFUNCTION("SPLIT(E45,"">"")"),"Memorychain") -> Memorychain | G45: =IFERROR(__xludf.DUMMYFUNCTION("""COMPUTED_VALUE"""),"Series 3") -> Series 3 | H45: AmazingJapepeneseMan | I45: May 2017 | J45: 42856 | K45: 500 | L45: 500 | M45: 28
A46: DOGETHEREUM | B46: https://rarejapanesenfts.com/nft/dogethereum/ | C46: English | D46: AmazingJapepeneseMan | E46: Memorychain>Series 3 | F46: =IFERROR(__xludf.DUMMYFUNCTION("SPLIT(E46,"">"")"),"Memorychain") -> Memorychain | G46: =IFERROR(__xludf.DUMMYFUNCTION("""COMPUTED_VALUE"""),"Series 3") -> Series 3 | H46: AmazingJapepeneseMan | I46: May 2017 | J46: 42856 | K46: 500 | L46: 500 | M46: 29
A47: THETIMES | B47: https://rarejapanesenfts.com/nft/thetimes/ | C47: English | D47: エヌ | E47: Memorychain>Series 3 | F47: =IFERROR(__xludf.DUMMYFUNCTION("SPLIT(E47,"">"")"),"Memorychain") -> Memorychain | G47: =IFERROR(__xludf.DUMMYFUNCTION("""COMPUTED_VALUE"""),"Series 3") -> Series 3 | H47: エヌ | I47: May 2017 | J47: 42856 | K47: 100 | L47: 100 | M47: 30
A48: TAKARAJPI | B48: https://rarejapanesenfts.com/nft/takarajpi/ | C48: English | D48: Kassy | E48: Memorychain>Series 3 | F48: =IFERROR(__xludf.DUMMYFUNCTION("SPLIT(E48,"">"")"),"Memorychain") -> Memorychain | G48: =IFERROR(__xludf.DUMMYFUNCTION("""COMPUTED_VALUE"""),"Series 3") -> Series 3 | H48: Kassy | I48: May 2017 | J48: 42856 | K48: 108 | L48: 108 | M48: 31
A49: SATOSHICLUB | B49: https://rarejapanesenfts.com/nft/satoshiclub/ | C49: English | D49: VeryLongUnagi | E49: Memorychain>Series 3 | F49: =IFERROR(__xludf.DUMMYFUNCTION("SPLIT(E49,"">"")"),"Memorychain") -> Memorychain | G49: =IFERROR(__xludf.DUMMYFUNCTION("""COMPUTED_VALUE"""),"Series 3") -> Series 3 | H49: VeryLongUnagi | I49: May 2017 | J49: 42856 | K49: 1000 | L49: 1000 | M49: 32
A50: NEMGIRL | B50: https://rarejapanesenfts.com/nft/nemgirl/ | C50: English | D50: 水瀬 亞里亞 | E50: Memorychain>Series 3 | F50: =IFERROR(__xludf.DUMMYFUNCTION("SPLIT(E50,"">"")"),"Memorychain") -> Memorychain | G50: =IFERROR(__xludf.DUMMYFUNCTION("""COMPUTED_VALUE"""),"Series 3") -> Series 3 | H50: 水瀬 亞里亞 | I50: May 2017 | J50: 42856 | K50: 1000 | L50: 1000 | M50: 33
A51: CRYPTOGIRLS | B51: https://rarejapanesenfts.com/nft/cryptogirls/ | C51: English | D51: 水瀬 亞里亞 | E51: Memorychain>Series 3 | F51: =IFERROR(__xludf.DUMMYFUNCTION("SPLIT(E51,"">"")"),"Memorychain") -> Memorychain | G51: =IFERROR(__xludf.DUMMYFUNCTION("""COMPUTED_VALUE"""),"Series 3") -> Series 3 | H51: 水瀬 亞里亞 | I51: May 2017 | J51: 42856 | K51: 1000 | L51: 1000 | M51: 34
A52: ETHHOMESTEAD | B52: https://rarejapanesenfts.com/nft/ethhomestead/ | C52: English | D52: トレスト | E52: Memorychain>Series 3 | F52: =IFERROR(__xludf.DUMMYFUNCTION("SPLIT(E52,"">"")"),"Memorychain") -> Memorychain | G52: =IFERROR(__xludf.DUMMYFUNCTION("""COMPUTED_VALUE"""),"Series 3") -> Series 3 | H52: トレスト | I52: May 2017 | J52: 42856 | K52: 100 | L52: 100 | M52: 35
A53: ETHFRONTIER | B53: https://rarejapanesenfts.com/nft/ethfrontier/ | C53: English | D53: トレスト | E53: Memorychain>Series 3 | F53: =IFERROR(__xludf.DUMMYFUNCTION("SPLIT(E53,"">"")"),"Memorychain") -> Memorychain | G53: =IFERROR(__xludf.DUMMYFUNCTION("""COMPUTED_VALUE"""),"Series 3") -> Series 3 | H53: トレスト | I53: May 2017 | J53: 42856 | K53: 100 | L53: 100 | M53: 36
A54: ECOBITWOMAN | B54: https://rarejapanesenfts.com/nft/ecobitwoman/ | C54: English | D54: トレスト | E54: Memorychain>Series 3 | F54: =IFERROR(__xludf.DUMMYFUNCTION("SPLIT(E54,"">"")"),"Memorychain") -> Memorychain | G54: =IFERROR(__xludf.DUMMYFUNCTION("""COMPUTED_VALUE"""),"Series 3") -> Series 3 | H54: トレスト | I54: May 2017 | J54: 42856 | K54: 100 | L54: 100 | M54: 37
A55: BCCARD | B55: https://rarejapanesenfts.com/nft/bccard/ | C55: English | D55: 笑猫 | E55: Memorychain>Series 3 | F55: =IFERROR(__xludf.DUMMYFUNCTION("SPLIT(E55,"">"")"),"Memorychain") -> Memorychain | G55: =IFERROR(__xludf.DUMMYFUNCTION("""COMPUTED_VALUE"""),"Series 3") -> Series 3 | H55: 笑猫 | I55: May 2017 | J55: 42856 | K55: 200 | L55: 199 | M55: 38
A56: BMANTBLEED | B56: https://rarejapanesenfts.com/nft/bmantbleed/ | C56: English | D56: 裏技君 | E56: Memorychain>Series 4 | F56: =IFERROR(__xludf.DUMMYFUNCTION("SPLIT(E56,"">"")"),"Memorychain") -> Memorychain | G56: =IFERROR(__xludf.DUMMYFUNCTION("""COMPUTED_VALUE"""),"Series 4") -> Series 4 | H56: 裏技君 | I56: May 2017 | J56: 42856 | K56: 1000 | L56: 1000 | M56: 39
A57: BOTCOINER | B57: https://rarejapanesenfts.com/nft/botcoiner/ | C57: English | D57: VeryLongUnagi | E57: Memorychain>Series 4 | F57: =IFERROR(__xludf.DUMMYFUNCTION("SPLIT(E57,"">"")"),"Memorychain") -> Memorychain | G57: =IFERROR(__xludf.DUMMYFUNCTION("""COMPUTED_VALUE"""),"Series 4") -> Series 4 | H57: VeryLongUnagi | I57: May 2017 | J57: 42856 | K57: 1000 | L57: 1000 | M57: 40
A58: BTCTATTOO | B58: https://rarejapanesenfts.com/nft/btctattoo/ | C58: English | D58: 響 | E58: Memorychain>Series 4 | F58: =IFERROR(__xludf.DUMMYFUNCTION("SPLIT(E58,"">"")"),"Memorychain") -> Memorychain | G58: =IFERROR(__xludf.DUMMYFUNCTION("""COMPUTED_VALUE"""),"Series 4") -> Series 4 | H58: 響 | I58: May 2017 | J58: 42856 | K58: 300 | L58: 150 | M58: 41
A59: DOGECHAN | B59: https://rarejapanesenfts.com/nft/dogechan/ | C59: English | D59: ミツコア | E59: Memorychain>Series 4 | F59: =IFERROR(__xludf.DUMMYFUNCTION("SPLIT(E59,"">"")"),"Memorychain") -> Memorychain | G59: =IFERROR(__xludf.DUMMYFUNCTION("""COMPUTED_VALUE"""),"Series 4") -> Series 4 | H59: ミツコア | I59: May 2017 | J59: 42856 | K59: 500 | L59: 500 | M59: 42
A60: ECASHPAPER | B60: https://rarejapanesenfts.com/nft/ecashpaper/ | C60: English | D60: トレスト | E60: Memorychain>Series 4 | F60: =IFERROR(__xludf.DUMMYFUNCTION("SPLIT(E60,"">"")"),"Memorychain") -> Memorychain | G60: =IFERROR(__xludf.DUMMYFUNCTION("""COMPUTED_VALUE"""),"Series 4") -> Series 4 | H60: トレスト | I60: May 2017 | J60: 42856 | K60: 100 | L60: 100 | M60: 43
A61: POWMONSTER | B61: https://rarejapanesenfts.com/nft/powmonster/ | C61: English | D61: トレスト | E61: Memorychain>Series 4 | F61: =IFERROR(__xludf.DUMMYFUNCTION("SPLIT(E61,"">"")"),"Memorychain") -> Memorychain | G61: =IFERROR(__xludf.DUMMYFUNCTION("""COMPUTED_VALUE"""),"Series 4") -> Series 4 | H61: トレスト | I61: May 2017 | J61: 42856 | K61: 100 | L61: 100 | M61: 44
A62: SCAMHAZARD | B62: https://rarejapanesenfts.com/nft/scamhazard/ | C62: English | D62: トレスト | E62: Memorychain>Series 4 | F62: =IFERROR(__xludf.DUMMYFUNCTION("SPLIT(E62,"">"")"),"Memorychain") -> Memorychain | G62: =IFERROR(__xludf.DUMMYFUNCTION("""COMPUTED_VALUE"""),"Series 4") -> Series 4 | H62: トレスト | I62: May 2017 | J62: 42856 | K62: 100 | L62: 100 | M62: 45
A63: GARIKUSON | B63: https://rarejapanesenfts.com/nft/garikuson/ | C63: English | D63: 藤堂竜白 | E63: Memorychain>Series 4 | F63: =IFERROR(__xludf.DUMMYFUNCTION("SPLIT(E63,"">"")"),"Memorychain") -> Memorychain | G63: =IFERROR(__xludf.DUMMYFUNCTION("""COMPUTED_VALUE"""),"Series 4") -> Series 4 | H63: 藤堂竜白 | I63: May 2017 | J63: 42856 | K63: 10000 | L63: 10000 | M63: 46
A64: HODLONME | B64: https://rarejapanesenfts.com/nft/hodlonme/ | C64: English | D64: davinci9 | E64: Memorychain>Series 4 | F64: =IFERROR(__xludf.DUMMYFUNCTION("SPLIT(E64,"">"")"),"Memorychain") -> Memorychain | G64: =IFERROR(__xludf.DUMMYFUNCTION("""COMPUTED_VALUE"""),"Series 4") -> Series 4 | H64: davinci9 | I64: May 2017 | J64: 42856 | K64: 100 | L64: 100 | M64: 47
A65: TREZORMYLOVE | B65: https://rarejapanesenfts.com/nft/trezormylove/ | C65: English | D65: AmazingJapepeneseMan | E65: Memorychain>Series 4 | F65: =IFERROR(__xludf.DUMMYFUNCTION("SPLIT(E65,"">"")"),"Memorychain") -> Memorychain | G65: =IFERROR(__xludf.DUMMYFUNCTION("""COMPUTED_VALUE"""),"Series 4") -> Series 4 | H65: AmazingJapepeneseMan | I65: May 2017 | J65: 42856 | K65: 555 | L65: 555 | M65: 48
A66: SROADCAMEL | B66: https://rarejapanesenfts.com/nft/sroadcamel/ | C66: English | D66: x0xb0x | E66: Memorychain>Series 4 | F66: =IFERROR(__xludf.DUMMYFUNCTION("SPLIT(E66,"">"")"),"Memorychain") -> Memorychain | G66: =IFERROR(__xludf.DUMMYFUNCTION("""COMPUTED_VALUE"""),"Series 4") -> Series 4 | H66: x0xb0x | I66: May 2017 | J66: 42856 | K66: 500 | L66: 500 | M66: 49
A67: THEAKANPANY | B67: https://rarejapanesenfts.com/nft/theakanpany/ | C67: English | D67: べた | E67: Memorychain>Series 4 | F67: =IFERROR(__xludf.DUMMYFUNCTION("SPLIT(E67,"">"")"),"Memorychain") -> Memorychain | G67: =IFERROR(__xludf.DUMMYFUNCTION("""COMPUTED_VALUE"""),"Series 4") -> Series 4 | H67: べた | I67: May 2017 | J67: 42856 | K67: 1300 | L67: 1300 | M67: 50
A68: TLOD | B68: https://rarejapanesenfts.com/nft/tlod/ | C68: English | D68: Kassy | E68: Memorychain>Series 4 | F68: =IFERROR(__xludf.DUMMYFUNCTION("SPLIT(E68,"">"")"),"Memorychain") -> Memorychain | G68: =IFERROR(__xludf.DUMMYFUNCTION("""COMPUTED_VALUE"""),"Series 4") -> Series 4 | H68: Kassy | I68: May 2017 | J68: 42856 | K68: 100 | L68: 100 | M68: 51
A69: WACKWATANABE | B69: https://rarejapanesenfts.com/nft/wackwatanabe/ | C69: English | D69: ごっつ | E69: Memorychain>Series 4 | F69: =IFERROR(__xludf.DUMMYFUNCTION("SPLIT(E69,"">"")"),"Memorychain") -> Memorychain | G69: =IFERROR(__xludf.DUMMYFUNCTION("""COMPUTED_VALUE"""),"Series 4") -> Series 4 | H69: ごっつ | I69: May 2017 | J69: 42856 | K69: 2014 | L69: 2014 | M69: 52
A70: ZAIFGIRLS | B70: https://rarejapanesenfts.com/nft/zaifgirls/ | C70: English | D70: 水瀬 亞里亞 | E70: Memorychain>Series 4 | F70: =IFERROR(__xludf.DUMMYFUNCTION("SPLIT(E70,"">"")"),"Memorychain") -> Memorychain | G70: =IFERROR(__xludf.DUMMYFUNCTION("""COMPUTED_VALUE"""),"Series 4") -> Series 4 | H70: 水瀬 亞里亞 | I70: May 2017 | J70: 42856 | K70: 1000 | L70: 1000 | M70: 53
A71: CCGANNEN | B71: https://rarejapanesenfts.com/nft/ccgannen/ | C71: English | D71: Kassy | E71: Memorychain>Series 5 | F71: =IFERROR(__xludf.DUMMYFUNCTION("SPLIT(E71,"">"")"),"Memorychain") -> Memorychain | G71: =IFERROR(__xludf.DUMMYFUNCTION("""COMPUTED_VALUE"""),"Series 5") -> Series 5 | H71: Kassy | I71: Jun 2017 | J71: 42887 | K71: 100 | L71: 100 | M71: 54
A72: YOMEGOX | B72: https://rarejapanesenfts.com/nft/yomegox/ | C72: English | D72: Kassy | E72: Memorychain>Series 5 | F72: =IFERROR(__xludf.DUMMYFUNCTION("SPLIT(E72,"">"")"),"Memorychain") -> Memorychain | G72: =IFERROR(__xludf.DUMMYFUNCTION("""COMPUTED_VALUE"""),"Series 5") -> Series 5 | H72: Kassy | I72: Jun 2017 | J72: 42887 | K72: 100 | L72: 100 | M72: 55
A73: CRYPTORPG | B73: https://rarejapanesenfts.com/nft/cryptorpg/ | C73: English | D73: PJ | E73: Memorychain>Series 5 | F73: =IFERROR(__xludf.DUMMYFUNCTION("SPLIT(E73,"">"")"),"Memorychain") -> Memorychain | G73: =IFERROR(__xludf.DUMMYFUNCTION("""COMPUTED_VALUE"""),"Series 5") -> Series 5 | H73: PJ | I73: Jun 2017 | J73: 42887 | K73: 1000 | L73: 1000 | M73: 56
A74: FOREVERP | B74: https://rarejapanesenfts.com/nft/foreverp/ | C74: English | D74: SWINGO | E74: Memorychain>Series 5 | F74: =IFERROR(__xludf.DUMMYFUNCTION("SPLIT(E74,"">"")"),"Memorychain") -> Memorychain | G74: =IFERROR(__xludf.DUMMYFUNCTION("""COMPUTED_VALUE"""),"Series 5") -> Series 5 | H74: SWINGO | I74: Jun 2017 | J74: 42887 | K74: 100 | L74: 100 | M74: 57
A75: MCHARVESTING | B75: https://rarejapanesenfts.com/nft/mcharvesting/ | C75: English | D75: 水瀬 亞里亞 | E75: Memorychain>Series 5 | F75: =IFERROR(__xludf.DUMMYFUNCTION("SPLIT(E75,"">"")"),"Memorychain") -> Memorychain | G75: =IFERROR(__xludf.DUMMYFUNCTION("""COMPUTED_VALUE"""),"Series 5") -> Series 5 | H75: 水瀬 亞里亞 | I75: Jun 2017 | J75: 42887 | K75: 1000 | L75: 1000 | M75: 58
A76: MCRIPPLENW | B76: https://rarejapanesenfts.com/nft/mcripplenw/ | C76: English | D76: 水瀬 亞里亞 | E76: Memorychain>Series 5 | F76: =IFERROR(__xludf.DUMMYFUNCTION("SPLIT(E76,"">"")"),"Memorychain") -> Memorychain | G76: =IFERROR(__xludf.DUMMYFUNCTION("""COMPUTED_VALUE"""),"Series 5") -> Series 5 | H76: 水瀬 亞里亞 | I76: Jun 2017 | J76: 42887 | K76: 1000 | L76: 1000 | M76: 59
A77: MONAPEPECARD | B77: https://rarejapanesenfts.com/nft/monapepecard/ | C77: English | D77: TKY | E77: Memorychain>Series 5 | F77: =IFERROR(__xludf.DUMMYFUNCTION("SPLIT(E77,"">"")"),"Memorychain") -> Memorychain | G77: =IFERROR(__xludf.DUMMYFUNCTION("""COMPUTED_VALUE"""),"Series 5") -> Series 5 | H77: TKY | I77: Jun 2017 | J77: 42887 | K77: 150 | L77: 150 | M77: 60
A78: MONATATTOO | B78: https://rarejapanesenfts.com/nft/monatattoo/ | C78: English | D78: 響 | E78: Memorychain>Series 5 | F78: =IFERROR(__xludf.DUMMYFUNCTION("SPLIT(E78,"">"")"),"Memorychain") -> Memorychain | G78: =IFERROR(__xludf.DUMMYFUNCTION("""COMPUTED_VALUE"""),"Series 5") -> Series 5 | H78: 響 | I78: Jun 2017 | J78: 42887 | K78: 300 | L78: 100 | M78: 61
A79: XEMTATTOO | B79: https://rarejapanesenfts.com/nft/xemtattoo/ | C79: English | D79: 響 | E79: Memorychain>Series 5 | F79: =IFERROR(__xludf.DUMMYFUNCTION("SPLIT(E79,"">"")"),"Memorychain") -> Memorychain | G79: =IFERROR(__xludf.DUMMYFUNCTION("""COMPUTED_VALUE"""),"Series 5") -> Series 5 | H79: 響 | I79: Jun 2017 | J79: 42887 | K79: 300 | L79: 100 | M79: 62
A80: ORIGINOFSOG | B80: https://rarejapanesenfts.com/nft/originofsog/ | C80: English | D80: SWINGO | E80: Memorychain>Series 5 | F80: =IFERROR(__xludf.DUMMYFUNCTION("SPLIT(E80,"">"")"),"Memorychain") -> Memorychain | G80: =IFERROR(__xludf.DUMMYFUNCTION("""COMPUTED_VALUE"""),"Series 5") -> Series 5 | H80: SWINGO | I80: Jun 2017 | J80: 42887 | K80: 100 | L80: 100 | M80: 63
A81: POTCOINER | B81: https://rarejapanesenfts.com/nft/potcoiner/ | C81: English | D81: トレスト | E81: Memorychain>Series 5 | F81: =IFERROR(__xludf.DUMMYFUNCTION("SPLIT(E81,"">"")"),"Memorychain") -> Memorychain | G81: =IFERROR(__xludf.DUMMYFUNCTION("""COMPUTED_VALUE"""),"Series 5") -> Series 5 | H81: トレスト | I81: Jun 2017 | J81: 42887 | K81: 300 | L81: 300 | M81: 64
A82: XCPPEOPLE | B82: https://rarejapanesenfts.com/nft/xcppeople/ | C82: English | D82: トレスト | E82: Memorychain>Series 5 | F82: =IFERROR(__xludf.DUMMYFUNCTION("SPLIT(E82,"">"")"),"Memorychain") -> Memorychain | G82: =IFERROR(__xludf.DUMMYFUNCTION("""COMPUTED_VALUE"""),"Series 5") -> Series 5 | H82: トレスト | I82: Jun 2017 | J82: 42887 | K82: 100 | L82: 100 | M82: 65
A83: THEICODEAD | B83: https://rarejapanesenfts.com/nft/theicodead/ | C83: English | D83: トレスト | E83: Memorychain>Series 5 | F83: =IFERROR(__xludf.DUMMYFUNCTION("SPLIT(E83,"">"")"),"Memorychain") -> Memorychain | G83: =IFERROR(__xludf.DUMMYFUNCTION("""COMPUTED_VALUE"""),"Series 5") -> Series 5 | H83: トレスト | I83: Jun 2017 | J83: 42887 | K83: 100 | L83: 100 | M83: 66
A84: NEMANGEL | B84: https://rarejapanesenfts.com/nft/nemangel/ | C84: English | D84: メルキャット | E84: Memorychain>Series 5 | F84: =IFERROR(__xludf.DUMMYFUNCTION("SPLIT(E84,"">"")"),"Memorychain") -> Memorychain | G84: =IFERROR(__xludf.DUMMYFUNCTION("""COMPUTED_VALUE"""),"Series 5") -> Series 5 | H84: メルキャット | I84: Jun 2017 | J84: 42887 | K84: 1000 | L84: 1000 | M84: 67
A85: SEGWITSHI | B85: https://rarejapanesenfts.com/nft/segwitshi/ | C85: English | D85: VeryLongUnagi | E85: Memorychain>Series 5 | F85: =IFERROR(__xludf.DUMMYFUNCTION("SPLIT(E85,"">"")"),"Memorychain") -> Memorychain | G85: =IFERROR(__xludf.DUMMYFUNCTION("""COMPUTED_VALUE"""),"Series 5") -> Series 5 | H85: VeryLongUnagi | I85: Jun 2017 | J85: 42887 | K85: 500 | L85: 500 | M85: 68
A86: SHITCOINER | B86: https://rarejapanesenfts.com/nft/shitcoiner/ | C86: English | D86: davinci9 | E86: Memorychain>Series 5 | F86: =IFERROR(__xludf.DUMMYFUNCTION("SPLIT(E86,"">"")"),"Memorychain") -> Memorychain | G86: =IFERROR(__xludf.DUMMYFUNCTION("""COMPUTED_VALUE"""),"Series 5") -> Series 5 | H86: davinci9 | I86: Jun 2017 | J86: 42887 | K86: 100 | L86: 100 | M86: 69
A87: GRIPGIRL | B87: https://rarejapanesenfts.com/nft/gripgirl/ | C87: English | D87: 栗饅頭 | E87: Memorychain>Series 5 | F87: =IFERROR(__xludf.DUMMYFUNCTION("SPLIT(E87,"">"")"),"Memorychain") -> Memorychain | G87: =IFERROR(__xludf.DUMMYFUNCTION("""COMPUTED_VALUE"""),"Series 5") -> Series 5 | H87: 栗饅頭 | I87: Jun 2017 | J87: 42887 | K87: 100 | L87: 100 | M87: 70
A88: BITZENY | B88: https://rarejapanesenfts.com/nft/bitzeny/ | C88: English | D88: 五所川原銭夫 | E88: Memorychain>Series 6 | F88: =IFERROR(__xludf.DUMMYFUNCTION("SPLIT(E88,"">"")"),"Memorychain") -> Memorychain | G88: =IFERROR(__xludf.DUMMYFUNCTION("""COMPUTED_VALUE"""),"Series 6") -> Series 6 | H88: 五所川原銭夫 | I88: Jun 2017 | J88: 42887 | K88: 222 | L88: 222 | M88: 71
A89: DECENTORACLE | B89: https://rarejapanesenfts.com/nft/decentoracle/ | C89: English | D89: AmazingJapepeneseMan | E89: Memorychain>Series 6 | F89: =IFERROR(__xludf.DUMMYFUNCTION("SPLIT(E89,"">"")"),"Memorychain") -> Memorychain | G89: =IFERROR(__xludf.DUMMYFUNCTION("""COMPUTED_VALUE"""),"Series 6") -> Series 6 | H89: AmazingJapepeneseMan | I89: Jun 2017 | J89: 42887 | K89: 555 | L89: 555 | M89: 72
A90: MASTERINGPC | B90: https://rarejapanesenfts.com/nft/masteringpc/ | C90: English | D90: AmazingJapepeneseMan | E90: Memorychain>Series 6 | F90: =IFERROR(__xludf.DUMMYFUNCTION("SPLIT(E90,"">"")"),"Memorychain") -> Memorychain | G90: =IFERROR(__xludf.DUMMYFUNCTION("""COMPUTED_VALUE"""),"Series 6") -> Series 6 | H90: AmazingJapepeneseMan | I90: Jun 2017 | J90: 42887 | K90: 555 | L90: 555 | M90: 73
A91: SCAMCOINSHOP | B91: https://rarejapanesenfts.com/nft/scamcoinshop/ | C91: English | D91: 響 | E91: Memorychain>Series 6 | F91: =IFERROR(__xludf.DUMMYFUNCTION("SPLIT(E91,"">"")"),"Memorychain") -> Memorychain | G91: =IFERROR(__xludf.DUMMYFUNCTION("""COMPUTED_VALUE"""),"Series 6") -> Series 6 | H91: 響 | I91: Jun 2017 | J91: 42887 | K91: 300 | L91: 100 | M91: 74
A92: HOGEHOGE | B92: https://rarejapanesenfts.com/nft/hogehoge/ | C92: English | D92: 睡眠 | E92: Memorychain>Series 6 | F92: =IFERROR(__xludf.DUMMYFUNCTION("SPLIT(E92,"">"")"),"Memorychain") -> Memorychain | G92: =IFERROR(__xludf.DUMMYFUNCTION("""COMPUTED_VALUE"""),"Series 6") -> Series 6 | H92: 睡眠 | I92: Jun 2017 | J92: 42887 | K92: 300 | L92: 300 | M92: 75
A93: INAGO | B93: https://rarejapanesenfts.com/nft/inago/ | C93: English | D93: kappepe | E93: Memorychain>Series 6 | F93: =IFERROR(__xludf.DUMMYFUNCTION("SPLIT(E93,"">"")"),"Memorychain") -> Memorychain | G93: =IFERROR(__xludf.DUMMYFUNCTION("""COMPUTED_VALUE"""),"Series 6") -> Series 6 | H93: kappepe | I93: Jun 2017 | J93: 42887 | K93: 1000 | L93: 1000 | M93: 76
A94: KINGOFCC | B94: https://rarejapanesenfts.com/nft/kingofcc/ | C94: English | D94: Onigiri | E94: Memorychain>Series 6 | F94: =IFERROR(__xludf.DUMMYFUNCTION("SPLIT(E94,"">"")"),"Memorychain") -> Memorychain | G94: =IFERROR(__xludf.DUMMYFUNCTION("""COMPUTED_VALUE"""),"Series 6") -> Series 6 | H94: Onigiri | I94: Jun 2017 | J94: 42887 | K94: 555 | L94: 555 | M94: 77
A95: MEIGEN | B95: https://rarejapanesenfts.com/nft/meigen/ | C95: English | D95: チノ | E95: Memorychain>Series 6 | F95: =IFERROR(__xludf.DUMMYFUNCTION("SPLIT(E95,"">"")"),"Memorychain") -> Memorychain | G95: =IFERROR(__xludf.DUMMYFUNCTION("""COMPUTED_VALUE"""),"Series 6") -> Series 6 | H95: チノ | I95: Jun 2017 | J95: 42887 | K95: 1000 | L95: 1000 | M95: 78
A96: NHARVEST | B96: https://rarejapanesenfts.com/nft/nharvest/ | C96: English | D96: kappepe | E96: Memorychain>Series 6 | F96: =IFERROR(__xludf.DUMMYFUNCTION("SPLIT(E96,"">"")"),"Memorychain") -> Memorychain | G96: =IFERROR(__xludf.DUMMYFUNCTION("""COMPUTED_VALUE"""),"Series 6") -> Series 6 | H96: kappepe | I96: Jun 2017 | J96: 42887 | K96: 100 | L96: 100 | M96: 79
A97: PEPEMODOKI | B97: https://rarejapanesenfts.com/nft/pepemodoki/ | C97: English | D97: TKY | E97: Memorychain>Series 6 | F97: =IFERROR(__xludf.DUMMYFUNCTION("SPLIT(E97,"">"")"),"Memorychain") -> Memorychain | G97: =IFERROR(__xludf.DUMMYFUNCTION("""COMPUTED_VALUE"""),"Series 6") -> Series 6 | H97: TKY | I97: Jun 2017 | J97: 42887 | K97: 151 | L97: 151 | M97: 80
A98: RAPPLEBOY | B98: https://rarejapanesenfts.com/nft/rappleboy/ | C98: English | D98: M1XXK1NG W1CKED | E98: Memorychain>Series 6 | F98: =IFERROR(__xludf.DUMMYFUNCTION("SPLIT(E98,"">"")"),"Memorychain") -> Memorychain | G98: =IFERROR(__xludf.DUMMYFUNCTION("""COMPUTED_VALUE"""),"Series 6") -> Series 6 | H98: M1XXK1NG W1CKED | I98: Jun 2017 | J98: 42887 | K98: 500 | L98: 500 | M98: 81
A99: SMARTDUBAI | B99: https://rarejapanesenfts.com/nft/smartdubai/ | C99: English | D99: トレスト | E99: Memorychain>Series 6 | F99: =IFERROR(__xludf.DUMMYFUNCTION("SPLIT(E99,"">"")"),"Memorychain") -> Memorychain | G99: =IFERROR(__xludf.DUMMYFUNCTION("""COMPUTED_VALUE"""),"Series 6") -> Series 6 | H99: トレスト | I99: Jun 2017 | J99: 42887 | K99: 150 | L99: 150 | M99: 82
A100: UNTRACEABLE | B100: https://rarejapanesenfts.com/nft/untraceable/ | C100: English | D100: トレスト | E100: Memorychain>Series 6 | F100: =IFERROR(__xludf.DUMMYFUNCTION("SPLIT(E100,"">"")"),"Memorychain") -> Memorychain | G100: =IFERROR(__xludf.DUMMYFUNCTION("""COMPUTED_VALUE"""),"Series 6") -> Series 6 | H100: トレスト | I100: Jun 2017 | J100: 42887 | K100: 300 | L100: 300 | M100: 83
...

Sheet 220526～追加分 の20220906コピー
A1: データ未入力or修正必要 | B1: Artists | C1: Twitter | D1: Opensea | E1: CPアドレス | F1: Website | G1: アーティスト紹介文（外注し、英訳する予定です。） | H1: その他何かあれば
A2: FALSE | B2: ごっつ | C2: https://twitter.com/nemkd12 | E2: https://xchain.io/address/15MDXC3YkR5sHL34c41YMonkxJP7RKeLK1 | F2: https://dhpkww12.hatenablog.com/archive | G2: 2016年ごろRAREPEPEやBitGirlsの存在を知り、Counterpartyトークン、いわゆるビンテージNFTを用いた活動を楽しんでいました。中でも、Memorychainでの思い出は深く、WACKシリーズ3作品を作成、たくさんの作品をコレクションしていました。2017年～2018年までは、Spells of Genesisの日本語翻訳、コミュニティマネジメントといったお手伝いもしていました。 | H2: 特定のカードを売る気がない、秘密鍵が紛失した、アーティスト名を変更したいなど。 ーーーー サイトに下記の4項目を設定・表示させる予定です。 作者アクティブ：作者は秘密鍵をまだ保有し、売買可能 作者非アクティブ：作者は長期間動きがなく、秘密鍵を失った可能性もある 運営アクティブ：運営会社が活発に売買している 運営非アクティブ：運営会社は積極的に売買をしていない（将来的に配布されたり、市場で売りに出される可能性がある）
A3: FALSE | B3: Koji | C3: https://twitter.com/Coin_and_Peace | E3: 1BRB38LNN1CNWeQngKeeZFF7osBpmyieKa 1Q2Vgxpvx6L9nf9evy2FHjAZWKG2J3TuaQ | F3: https://kojihigashi.info | G3: メモチェンドリームを実現させたい人です
A4: FALSE | B4: kappepe | C4: https://twitter.com/kartanbitcoin | E4: 1E3kn4VBfAsjamEpq84o6WVUwno2B2nRBu | G4: メモチェン・オアシスマイニング・レアぺぺで、３名のクリエーターをサポートしました。 ごめんなさい。わたし自身は一切絵心ありません。 takaraでメモチェンカードを落としたり拾ったりしてた頃が一番楽しかったです。 takara帰ってこないかな。
A5: FALSE | B5: CHUNRI | C5: https://twitter.com/ChunriMD | E5: 1AanCo9CJSomhUEy2YrhfXrU1PboBhFaBq | G5: 仮想通貨に出会い,RAREPEPEと出会い、落書き画力を駆使してNFTアーティストとして活動中。 2018年当時からPEPECASHWATCH（腕時計）を作成し ChunriPEPE（RAREPEPEカード）とセットで仮想通貨を使った販売するなど、現物商品と仮想通貨をつなげる活動も行っていた。 XCPトークンをベースとするNFTアート製作を中心に活動を続けていきます。
A6: FALSE | B6: BB | C6: https://twitter.com/MetaBB_eth | D6: https://opensea.io/BBSea | E6: 1AoAkpQo7p2jSAW5raa3MbUtXqvFq3SRvU
A7: FALSE | B7: くわ
A8: FALSE | B8: pom779 | C8: https://twitter.com/pom779 | D8: https://opensea.io/Pom779 | E8: 1A3iBZcfzUvMUXo7LZExMLApgkRacpfXms | G8: 私はモナカードアーティストです。2017年にビットコインに注目し、その後すぐRAREPEPEやMemorychainを見つけました。当時はそれらのたくさんのカードを眺めながら、世界で何が起こっているのかよく分からない！と思いました。そして今は常識的な社会から見たら狂気のクリプト界で出来事をイラストにしています。今回はBadger Cupsule Cardの企画でMemorychainアーティストの人達と一緒に活動できてとても嬉しいです。 | H8: 私は作品がBadger capsuleシリーズのみですが、「作者アクティブ」状態です。
A9: FALSE | B9: Anonymous | G9: 匿名アーティスト達
A10: FALSE | B10: nonsugar
A11: FALSE | B11: ブロック男
A12: FALSE | B12: TKY | C12: https://twitter.com/Taky_Taky_ | D12: https://opensea.io/TKY | E12: 16xG9NoSKAbMhbAgnwhMv2iDx8RY9cf87X | F12: instagram.com/tky_nft | G12: 2016年からの暗号資産民です。好きな言葉はメモチェンドリームです。
A13: FALSE | B13: NFTuber | C13: https://twitter.com/NFTuber | D13: https://opensea.io/NFTuberRecoveryAccount | E13: 1HvhqnWsHnSijTSLRKVH79QEMDtiuExZYh | F13: https://nftuber.com/ | G13: Memorychainの世界観が大好きで、アニメ系キャラをこよなく愛してます。OTAKUの一番上の兄と一緒に各国アーティストの方々と遊んでいます。作品を交換する文化も大好きです♪
A14: FALSE | B14: davinci9 | C14: https://twitter.com/DavinciNine | E14: 1GNQdAkP1zEToHbtZjqaQwqMU6Eg6Xu4Um
A15: FALSE | B15: AmazingJapepeneseMan | C15: https://twitter.com/JapepeneseMan | E15: 1Q2Vgxpvx6L9nf9evy2FHjAZWKG2J3TuaQ
A16: FALSE | B16: トレスト | C16: https://twitter.com/TrendStream | E16: 13L4Jd92Mb8YwPCreEkjV422aWaZDVdkrQ
A17: FALSE | B17: 水瀬 亞里亞 | C17: https://mobile.twitter.com/aria_minase | E17: 12T6iEDNc42L9W8kgtDVBFMQo4JAdUKAkT
A18: FALSE | B18: エヌ | C18: https://twitter.com/sai33211 | D18: https://opensea.io/sai33211 | E18: 187ToQV2FDTLbgiFKr2mxBm29qzEDPuo6P | G18: 2016～2017年頃からRarepepeやMemorychainの製作活動をしていました。カードを集めたりもしてます。今は、メタバースのために3DNFTを模索中です。Soon...
A19: FALSE | B19: Myon9 | C19: https://twitter.com/Myon9 | E19: 15DyT6GU5bwViSwhtKu7fGb1JGv5gdK5iL | G19: モナコイナー|エンジョイ勢|基本ゲームばっかやってます|うぇーい
A20: FALSE | B20: SWINGO | C20: https://twitter.com/SmartSpaceDogs | E20: 1NZy2TZyEiG1GGRs5ZDQLntC9FQup6uaQB
A21: FALSE | B21: 安心院まおら | E21: 13K4Gw6ZnStysneTeG1WN4FAJy5xARzL5M
A22: FALSE | B22: らくがきac | C22: https://twitter.com/rkgk_ac | E22: 183EeDkhhEUHzygiAKcnJxui1LvvaK631u
A23: FALSE | B23: Kassy | C23: https://twitter.com/kassy_nara | E23: https://xchain.io/address/1NDLa9HG3WsBuzn1x6RyPBHNipUHLyaE2h | F23: kasaneate.starfree.jp/mc/artist/#kassy_nara | G23: 私はRarepepe1作品、Memorychain7作品、Raredoge3作品(Rarereject2作品含む)を作成していますが、絵の描けない所謂なんちゃってクソコラアーティストです。
A24: FALSE | B24: ミツコア | C24: https://twitter.com/mizcored | E24: 1HPGQi58gwnRzUCgG7DMkZeNUN5ZmygxH
A25: FALSE | B25: たろふあ | E25: 1M9Spz7KDH2LwHsuCokBxnc9EvJ3dg11ZA
A26: FALSE | B26: VeryLongUnagi | E26: 1E8bCUjLUnwGDPxqbT1ZV58Nvw7e4yENCC
A27: FALSE | B27: 笑猫 | C27: https://twitter.com/1aughingcat | E27: https://xchain.io/address/18fXiDwiLAX2M3eUZqzRTcKvvAPiTTCiDK | G27: Twitter歴だけが長い暗号資産愛好者です。Memorychainを始めとしてOasismining、RAREPEPEのトークンを発行しています。トークンの画像は私のアイデアを元に友人の絵師に描いてもらっています。
A28: FALSE | B28: 裏技君 | C28: https://twitter.com/urawazakun | E28: 1CAGQNYiuxcPgAqM68Cj8uSYvHc1inc3sW
A29: FALSE | B29: 響 | C29: https://twitter.com/Whiskey_bonbon_ | E29: 1ANpJrYSRdeLnBYnfMp2gocR9RmXs5WNta
A30: FALSE | B30: 藤堂竜白 | C30: https://twitter.com/todokasumi | E30: 1A2ES1YxYQUgxNGt1KKLUABz4da2QPoK8J | H30: メモチェンカード図鑑(http://kasaneate.starfree.jp/mc/)・レアペペディレクトリ(http://kasaneate.starfree.jp/pepe/)管理人
A31: FALSE | B31: x0xb0x | C31: https://twitter.com/x0xb0x1 | E31: 1AKEuLtnq73BNQjHxU2BVoV4NQSEDDUATj | G31: ゆるいkojiフォロワーです。
A32: FALSE | B32: べた | C32: https://twitter.com/ethereumon | E32: 1GEqkXzCuz3uKmoSHj7gvMRP5PTTBBf2bn
A33: FALSE | B33: PJ | E33: 15S2QjogGf2S8TqmcuromRjmoAafhaoESw
A34: FALSE | B34: メルキャット | E34: 13FdXxyPmvMWBJ6izex2Vi7myYbLpMEPkf
A35: FALSE | B35: 栗饅頭 | E35: 19NhxkJtRBJa1RwHuv6vYGdTQeaegHQYYj
A36: FALSE | B36: 五所川原銭夫 | E36: 14Zw9Ro5aMAzQZu4GkjvV6uj3sEP59FzzL
A37: FALSE | B37: 睡眠 | E37: 14BERVmcqCfCsoEPT328JcDN5FPs6YZYtw
A38: FALSE | B38: Onigiri | C38: https://twitter.com/7cryptocurrency | E38: 1CSBaZDaS6i8yb9uvHiYe53Xca4NRnzLQc
A39: FALSE | B39: チノ | E39: 1QL9cXujxjw6Utd662mr668mDh7cCjbHe8
A40: FALSE | B40: M1XXK1NG W1CKED | E40: 16LcCPzKMzfpG7oMtkfAxKyraZU32vdtzB
A41: FALSE | B41: クリプト無職希望 | E41: 198E2iHGb1kYWVpKaZcno2de7aK2s3ibfA
A42: FALSE | B42: Pepe Museum | E42: 1JAuET9GmkADQarX5ZsgHXuHjJzwesfAKg
A43: FALSE | B43: ヨースケ | C43: https://twitter.com/StArnouldnagoya | E43: 1BH8XL4PGzevkZk7g2UEwem2Tw5VMVXxR2
A44: FALSE | B44: Christian Moss | C44: https://twitter.com/MandelDuck/status/1451504375906570264 | E44: 1Nh4tPtQjHZSoYdToTF7T3xbaKrTNKM3wP
A45: FALSE | B45: オクナモ | C45: https://twitter.com/ocknamo | E45: 1MupdofmXC8vrRLLJQBKq6NLAp1sRmfAqt | F45: https://ocknamo.com/ | G45: レアペペやメモリーチェーンのコレクターをしていて、たまに自分でも発行していました。最近はモナカードばかり収集しています。
A46: FALSE | B46: 右馬之介信生 | E46: 1HTh7C88ZzAUbCSri5qjLGW6oeCRMZWEyq
A47: FALSE | B47: 草コイナー | E47: 1N9Em9vXPuW1ZaZ8mutgH7qgzLj12t6ZmE
A48: FALSE | B48: ウーピン | E48: 19i4DZiNSNjWjF9f7zUhR1D9C7LYNSgfiC
A49: FALSE | B49: Rin MIZUNASHI | C49: https://twitter.com/mizunashi_JK17 | E49: 1Pq7HXD5i9ZXXfnt71xPmtEkyATWc57bRw
A50: FALSE | B50: ぽん | E50: 1J4rAWpWZjmUguAf7puEt8Y7QVpSWsMDYG
A51: FALSE | B51: やっすんX | E51: 1LgZkGmx8B6dDoiowVS4n8zTpfsua3VZDM
A52: FALSE | B52: かなぴっぴ | E52: 1LgL6o843iiyVUgNAYe7R4TTmsjychuMoE
A53: FALSE | B53: 快傑Ｚ | C53: https://twitter.com/CryptoKaiketsuZ | E53: 17383qeec4ZhyHx9AYDX8aYW17ZPn1tb2D
A54: FALSE | B54: sasu | E54: 1BtY2QdZ5URR84D84KD3wxUfYyU16QkNi5
A55: FALSE | B55: tomopen | C55: https://twitter.com/kouteipenpen_f | D55: https://opensea.io/collection/tinypenpen | E55: 14dj7PDKxjJMzrQdP6dE8nxSV8GcrkSubq | F55: https://twitter.com/penguin259 | G55: 本アカは皇帝ペンギンのペンペン @penguin259です。 RarePepe11枚、メモチェン1枚、シスマイ1枚を発行しました。 当時はBTCってなぁにってところから始めて、いい思い出となりました。 それをきっかけにモナカードにも興味を持ちたくさんのカードを発行していきました。 今ではFake Rare、Wojak、Dank Rareなどの海外のカードも発行しています。 今はOpenSeaで、私のオリジナルキャラクターのPenpenを世に広めていくことを目標にがんばっています。 https://opensea.io/collection/tinypenpen
A56: FALSE | B56: だいふく | E56: 1Ls5Z6cp45CjH64R13zXrXZSbBajMB6WzZ
A57: FALSE | B57: hirosu | E57: 16cynGdzSL71oEgRJjD2zJecY2yUyL6NQz
A58: FALSE | B58: ロジカ | C58: https://twitter.com/logica_s | E58: 16jU28uqXkKr198Fsquv9Y21UXY1prKBiD | H58: 空廻ロジカ《Sorane Logica》
A59: FALSE | B59: まる | E59: 13qqdg17DL98V9YD8BcrdkvUEMnKGsscfy
A60: FALSE | B60: Satomaru | E60: 1G3odDqQGCJKueGFXqLvTSqwHFD1wU88vK
A61: FALSE | B61: 念能力ﾄﾚｰﾀﾞｰℳ | C61: https://twitter.com/crypto_M_esi | E61: 1EjzqZqwosLukyPsuLxfyJGkdQ37Bdf4rg | H61: 秘密鍵紛失https://twitter.com/crypto_M_esi/status/1450762458516242437?s=20&t=XpEGh32Nwiuc1ig4DBEAuA
A62: FALSE | B62: typerr | E62: 13xXfxHM7E9viHShoye9Vbdis8LZ6AV7NG
A63: FALSE | B63: クリプトカレンシーガールズ | E63: 16sqshhn74qsKpq1iFwWFeoJpU1KdDgjT
A64: FALSE | B64: emma | C64: https://twitter.com/emma_nft | D64: https://opensea.io/_emma_ | E64: 18uEHyQwTwXNtcoCUZEqu8nXyYZDW4x5i8 | F64: https://lit.link/emmanft | G64: 2017年よりRarepepe、Oasisminingなどを発行しました。当時Book of Orbsを夜な夜なみては楽しんでいました。自分でもレアペペやオアシスマイニングに参加できて良かったし、時を経て色んな方に自分の絵をみてもらえて幸せです。
A65: FALSE | B65: 仮想通貨ニュース | E65: 13WrCY82frY8DE3jZLNwJAn8kHsbWjZ4Eh
A66: FALSE | B66: シシャモ | E66: 1NCekApbsEyKpLc6Gj9rLdJCLaeqgrR5ef
A67: FALSE | B67: ののた | E67: 183gUAzuvaMUCFv9DtcUQ2oDgT5JtHdBux
A68: FALSE | B68: ビケルマン | E68: 17kHHJf6DAKNXMEQhT93Ju4a6ynGaCgdFo
A69: FALSE | B69: Rey | C69: https://twitter.com/coinpartyX | G69: 2016〜2017年当時はイラストが描けなかったのでRarepepeなどにアーティストとしては参加できず、ひたすらカードを集めるかSarutobiIslandとSpellsOfGenesisで遊んでいました。2021年からはアーティストとしても参加したいと思いBadgerInnovationZoneとRareDogeでカードを発行しています。
A70: FALSE | B70: tomotomo9696 | C70: https://twitter.com/tomotomo_9696 | D70: https://opensea.io/tomotomo9696 | E70: 1CciTqjGGS4tfzuikxrMuRxJD9iD5faPGv | F70: https://tomotomo9696.xyz/ | G70: Koji 氏のクソコラを作るだけの人です
A71: FALSE | B71: BitGirls | C71: https://twitter.com/zaifdotjp
A72: FALSE | B72: Force of Will
A73: FALSE | B73: Spells of Genesis | C73: https://twitter.com/SpellsofGenesis
A74: FALSE | B74: Aya | C74: https://twitter.com/ayaLAN | E74: 1EgkMa1d79BXGjU9eZbuuiZu4uYQVuRsPe | F74: https://www.behance.net/ayaLAN
A75: FALSE | B75: tomoyo | C75: https://twitter.com/tomoyo_ch | E75: 1MjgVva8CLqkjS9mw3Mhddcci6sYwP2Gqc
A76: FALSE | B76: NoraMyao | C76: https://twitter.com/NoraMyao | D76: https://opensea.io/NoraMyao | E76: 1J88rK2cTLjWQQYbVkRtPpHsSAfqeFyz8P | F76: https://linktr.ee/NoraMyao
A77: FALSE | B77: tomocici | C77: https://twitter.com/_tomocici_ | D77: https://opensea.io/tomocici | E77: 17MqYfRkQd3TiQDQqka3fYguLsJcBhfraT
A78: FALSE
A79: FALSE
A80: FALSE | B80: mekabu | C80: https://twitter.com/monolag | E80: 13MjaVFXNnJNE6XqfZfpWuMp3W6twjUpGc
B81: masia02 | C81: https://twitter.com/masia02 | E81: 1G97zmf5NnrBEPm5mvQ8pdrcbjKpDUaJ1z
